id,scientific_name,common_name,old_level,new_level,old_notes,new_notes,parts,changes
AAA0002,Abelia floribunda,Mexican Abelia,faint,light,Flowers very lightly sweet-scented.,The flowers have a very lightly sweet-scented scent.,flower,level:faint->light; notes:sentence
AAA0004,Abelia uniflora,Large-Flowered Abelia,faint,light,Flowers lightly honey-scented.,The flowers have a lightly honey-scented scent.,flower,level:faint->light; notes:sentence
AAA0005,Abelia x grandiflora,Glossy Abelia,moderate,moderate,"Flowers sweetly fragrant, honeysuckle-like.","The flowers have a sweetly fragrant, honeysuckle-like scent.",flower,notes:sentence
AAA0010,Abies nordmanniana,Caucasian Fir,moderate,light,"Mild balsam-citrus scent, milder than Fraser fir.","Mild balsam-citrus scent, milder than Fraser fir.",leaf,level:moderate->light
AAA0022,Achillea clypeolata,Moonshine Yarrow,moderate,moderate,Foliage camphor-scented when brushed.,The foliage has a camphor-scented when brushed scent.,leaf,notes:sentence
AAA0023,Achillea filipendulina,Fern-Leaf Yarrow,moderate,moderate,"aromatic, pungent","The foliage has an aromatic, pungent scent.",leaf,notes:sentence
AAA0025,Achillea ptarmica,Sneezewort,moderate,moderate,pungent aromatic,The foliage has a pungent aromatic scent.,leaf,notes:sentence
AAA0030,Actinidia deliciosa,Chinese-Gooseberry,faint,light,Mild floral scent.,The flowers have a mild floral scent.,flower,level:faint->light; notes:sentence
AAA0036,Aesculus flava,Yellow Buckeye,faint,light,mild,The flowers have a mild scent.,flower,level:faint->light; notes:sentence
AAA0037,Aesculus glabra,Ohio Buckeye,faint,light,fetid when crushed,The foliage has a fetid when crushed scent.,leaf,level:faint->light; notes:sentence
AAA0038,Aesculus pavia,Red Buckeye,faint,light,mild,The flowers have a mild scent.,flower,level:faint->light; notes:sentence
AAA0039,Agarista populifolia,Florida Hobblebush,faint,light,,"Flowers have a light, barely noticeable scent.",flower,level:faint->light; notes:filled
AAA0051,Ageratum houstonianum,Bluemink,faint,light,,"Flowers have a light, soft scent when noticed up close.",flower,level:faint->light; notes:filled
AAA0060,Akebia quinata,Five-Leaf Akebia,moderate,moderate,Sweet spicy chocolate-vanilla fragrance.,The flowers have a sweet spicy chocolate-vanilla fragrance.,flower,notes:sentence
AAA0061,Albizia julibrissin,Persian Silk Tree,strong,strong,"Sweet, vanilla-like evening fragrance.","The flowers have a sweet, vanilla-like evening fragrance.",flower,notes:sentence
AAA0062,Alcea rosea,Hollyhock,faint,light,Mild scent.,The flowers have a mild scent.,flower,level:faint->light; notes:sentence
AAA0063,Alcea rosea 'Nigra',Black Hollyhock,faint,light,Very light sweet scent.,The flowers have a very light sweet scent.,flower,level:faint->light; notes:sentence
AAA0064,Allamanda cathartica,Golden Trumpet,faint,light,Light sweet scent.,The flowers have a light sweet scent.,flower,level:faint->light; notes:sentence
AAA0066,Allium cepa,Common Onion,strong,strong,Characteristic pungent sulfur aroma.,The plant has a characteristic pungent sulfur aroma.,all,notes:sentence
AAA0067,Allium christophii,Star Of Persia,faint,light,onion-like when crushed,The foliage has an onion-like when crushed scent.,leaf,level:faint->light; notes:sentence
AAA0068,Allium fistulosum,Welsh Onion,moderate,moderate,Oniony aroma from leaves.,The leaves have an oniony aroma when cut or bruised.,leaf,notes:sentence
AAA0069,Allium karataviense,Turkistan Onion,faint,light,onion-like,The foliage has an onion-like scent.,leaf,level:faint->light; notes:sentence
AAA0070,Allium porrum,Leek,moderate,light,Mild onion-garlic aroma.,The plant has a mild onion-garlic aroma.,all,level:moderate->light; notes:sentence
AAA0072,Allium schoenoprasum,Chives,moderate,light,Mild onion aroma from crushed leaves.,Mild onion aroma from crushed leaves.,leaf,level:moderate->light
AAA0073,Allium schubertii,Allium schubertii,faint,light,onion-like,The foliage has an onion-like scent.,leaf,level:faint->light; notes:sentence
AAA0074,Allium sphaerocephalon,Round-Headed Leek,faint,light,onion-like,The foliage has an onion-like scent.,leaf,level:faint->light; notes:sentence
AAA0089,Aloe vera,Aloe Vera,faint,light,Flowers have a light sweet scent attractive to sunbirds and bees.,Flowers have a light sweet scent attractive to sunbirds and bees.,flower,level:faint->light
AAA0102,Amelanchier laevis,Smooth Shadbush,faint,light,mild almond,The flowers have a mild almond scent.,flower,level:faint->light; notes:sentence
AAA0103,Amelanchier x grandiflora,Serviceberry,faint,light,Light sweet scent from flowers.,Light sweet scent from flowers.,flower,level:faint->light
AAA0104,Ammi majus,Bullwort,faint,light,mild sweet,The flowers have a mild sweet scent.,flower,level:faint->light; notes:sentence
AAA0114,Angelica archangelica,Garden Angelica,moderate,moderate,Musky-sweet anise-celery aroma.,The foliage has a musky-sweet anise-celery aroma.,"leaf,root,seed",notes:sentence
AAA0115,Angelica gigas,Korean Angelica,moderate,moderate,Aromatic anise-celery scent.,The foliage has an aromatic anise-celery scent.,"leaf,root",notes:sentence
AAA0116,Angelonia angustifolia,Summer Snapdragon,faint,light,Subtle grape or apple candy scent.,Subtle grape or apple candy scent.,"flower,leaf",level:faint->light
AAA0118,Anthemis tinctoria,Golden Marguerite,moderate,moderate,aromatic herbaceous,The foliage has an aromatic herbaceous scent.,leaf,notes:sentence
AAA0123,Antirrhinum majus,Snapdragon,faint,light,"Light sweet scent, more noticeable in warm conditions.","Light sweet scent, more noticeable in warm conditions.",flower,level:faint->light
AAA0126,Aquilegia canadensis,Red Columbine,faint,light,Flowers lightly sweet-scented; seeds historically used as a perfume rub.,Flowers lightly sweet-scented; seeds historically used as a perfume rub.,flower,level:faint->light
AAA0127,Aquilegia chrysantha,Golden Columbine,moderate,moderate,"Flowers sweetly scented, unusual among columbines.","The flowers have a sweetly scented, unusual among columbines scent.",flower,notes:sentence
AAA0132,Arctostaphylos hookeri,Hooker's Manzanita,faint,light,Mild honey scent from urn flowers.,Mild honey scent from urn flowers.,flower,level:faint->light
AAA0137,Argyranthemum frutescens,Marguerite Daisy,faint,light,Aromatic foliage when bruised.,The foliage has an aromatic foliage when bruised scent.,leaf,level:faint->light; notes:sentence
AAA0138,Aristolochia macrophylla,Pipevine,faint,light,Mild carrion-like scent attracts fly pollinators.,Mild carrion-like scent attracts fly pollinators.,flower,level:faint->light
AAA0139,Aronia prunifolia,Purple Chokeberry,faint,light,mild,The flowers have a mild scent.,flower,level:faint->light; notes:sentence
AAA0140,Artemisia absinthium,Absinthe Wormwood,strong,strong,Intensely bitter-aromatic sage-like scent.,The foliage has an intensely bitter-aromatic sage-like scent.,leaf,notes:sentence
AAA0143,Artemisia ludoviciana,Silver Wormwood,strong,strong,Sage-camphor aroma.,The foliage has a sage-camphor aroma.,leaf,notes:sentence
AAA0144,Artemisia vulgaris,Common Mugwort,moderate,moderate,Distinctive sage-chamomile aroma.,The foliage has a distinctive sage-chamomile aroma.,leaf,notes:sentence
AAA0145,Aruncus dioicus,Goatsbeard,faint,light,mild sweet,The flowers have a mild sweet scent.,flower,level:faint->light; notes:sentence
AAA0147,Asclepias tuberosa,Butterfly Milkweed,faint,light,Light sweet scent.,The flowers have a light sweet scent.,flower,level:faint->light; notes:sentence
AAA0148,Asimina triloba,Common Pawpaw,faint,light,Flowers emit a faint yeasty scent; ripe fruit has tropical aroma.,Flowers emit a faint yeasty scent; ripe fruit has tropical aroma.,"flower,fruit",level:faint->light
AAA0149,Asparagus densiflorus,Sprenger's Asparagus,faint,light,Small flowers have a light sweet scent.,Small flowers have a light sweet scent.,flower,level:faint->light
AAA0151,Asparagus setaceus,Common Asparagus Fern,faint,light,Tiny flowers have a faint sweet scent; rarely noticed indoors.,Tiny flowers have a faint sweet scent; rarely noticed indoors.,flower,level:faint->light
AAA0155,Aster amellus,Italian Aster,faint,light,mild,The flowers have a mild scent.,flower,level:faint->light; notes:sentence
AAA0156,Aster novae-angliae,New England Aster,faint,light,Foliage has a mild resinous scent when crushed; flowers only lightly scented.,Foliage has a mild resinous scent when crushed; flowers only lightly scented.,"flower,leaf",level:faint->light
AAA0157,Aster novi-belgii,New York Aster,faint,light,Mild sweet scent.,The flowers have a mild sweet scent.,flower,level:faint->light; notes:sentence
AAA0158,Aster x frikartii,Frikart's Aster,faint,light,mild,The flowers have a mild scent.,flower,level:faint->light; notes:sentence
AAA0159,Astilbe chinensis,Tall False-Buck's-Beard,faint,light,mild sweet,The flowers have a mild sweet scent.,flower,level:faint->light; notes:sentence
AAA0160,Astilbe japonica,False-Buck's-Beard,faint,light,mild,The flowers have a mild scent.,flower,level:faint->light; notes:sentence
AAA0161,Astilbe rubra,Tall False-Buck's-Beard,faint,light,,"Flower plumes have a light, delicate scent.",flower,level:faint->light; notes:filled
AAA0162,Astilbe simplicifolia,Entire-Leaf False Goat’s Beard,faint,light,mild,The flowers have a mild scent.,flower,level:faint->light; notes:sentence
AAA0163,Astilbe thunbergii,Ostrich Plume,faint,light,,"Flower plumes have a light, delicate scent.",flower,level:faint->light; notes:filled
AAA0164,Astilbe x arendsii,Astilbe,faint,light,Subtle sweet scent.,The flowers have a subtle sweet scent.,flower,level:faint->light; notes:sentence
AAA0167,Atropa belladonna,Deadly Nightshade,faint,light,"Slightly unpleasant, musty.","The flowers have a slightly unpleasant, musty scent.",flower,level:faint->light; notes:sentence
AAA0171,Azalea flammea,Oconee Azalea,faint,light,,Flowers may have a light sweet scent.,flower,level:faint->light; notes:filled
AAA0174,Baccharis pilularis,Coyote Brush,faint,light,Resinous scent from crushed leaves.,Resinous scent from crushed leaves.,leaf,level:faint->light
AAA0178,Baptisia alba,Thick-Pod White Wild Indigo,faint,light,Flowers very lightly pea-scented.,The flowers have a very lightly pea-scented scent.,flower,level:faint->light; notes:sentence
AAA0180,Baptisia tinctoria,Eastern Wild Indigo,faint,light,Flowers very lightly pea-scented.,The flowers have a very lightly pea-scented scent.,flower,level:faint->light; notes:sentence
AAA0188,Bellis perennis,Lawn Daisy,faint,light,Flowers very lightly sweet-scented.,The flowers have a very lightly sweet-scented scent.,flower,level:faint->light; notes:sentence
AAA0189,Berberis thunbergii,Japanese Barberry,faint,light,Light sweet scent.,The flowers have a light sweet scent.,flower,level:faint->light; notes:sentence
AAA0196,Bignonia capreolata,Cross Vine,faint,light,Mild mocha-coffee fragrance to some noses.,Mild mocha-coffee fragrance to some noses.,flower,level:faint->light
AAA0198,Borago officinalis,Borage,faint,light,Mild cucumber-saline aroma.,The foliage has a mild cucumber-saline aroma.,leaf,level:faint->light; notes:sentence
AAA0219,Buddleja lindleyana,Lindley's Butterflybush,faint,light,Flowers lightly sweet-scented; less intense than B. davidii.,Flowers lightly sweet-scented; less intense than B. davidii.,flower,level:faint->light
AAA0220,Buxus microphylla,Small-Leaved Box,faint,light,Characteristic musky boxwood scent—polarizing; some people find it unpleasant.,Characteristic musky boxwood scent—polarizing; some people find it unpleasant.,leaf,level:faint->light
AAA0222,Buxus sinica var. insularis,Korean Boxwood,faint,light,Mild musky boxwood scent.,The foliage has a mild musky boxwood scent.,leaf,level:faint->light; notes:sentence
AAA0233,Calendula arvensis,Field Marigold,faint,light,Resinous aromatic foliage when bruised.,Resinous aromatic foliage when bruised.,leaf,level:faint->light
AAA0237,Callicarpa americana,American Beautyberry,faint,light,Leaves release a mild herbal scent when crushed.,Leaves release a mild herbal scent when crushed.,leaf,level:faint->light
AAA0243,Calochortus superbus,Superb Mariposa Lily,faint,light,Faint sweet scent.,The flowers have a faint sweet scent.,flower,level:faint->light; notes:sentence
AAA0244,Calochortus venustus,Butterfly Mariposa Lily,faint,light,Faint sweet scent.,The flowers have a faint sweet scent.,flower,level:faint->light; notes:sentence
AAA0247,Calylophus drummondianus,Yellow Sundrops,faint,light,,"Flowers have little scent, at most lightly sweet up close.",flower,level:faint->light; notes:filled
AAA0248,Calystegia sepium,Hedge Bindweed,faint,light,Light sweet scent.,The flowers have a light sweet scent.,flower,level:faint->light; notes:sentence
AAA0249,Camassia cusickii,Cusick's Camas,faint,light,mild,The flowers have a mild scent.,flower,level:faint->light; notes:sentence
AAA0250,Camassia leichtlinii,Great Camas,faint,light,Flowers very lightly sweet-scented.,The flowers have a very lightly sweet-scented scent.,flower,level:faint->light; notes:sentence
AAA0251,Camassia quamash,Small Camas,faint,light,Flowers very lightly sweet-scented.,The flowers have a very lightly sweet-scented scent.,flower,level:faint->light; notes:sentence
AAA0254,Camellia sasanqua,Sasanqua Camellia,faint,light,Mild tea-like scent in some cultivars.,Mild tea-like scent in some cultivars.,flower,level:faint->light
AAA0255,Camellia sinensis,Tea,faint,light,Light sweet scent from flowers.,Light sweet scent from flowers.,flower,level:faint->light
AAA0262,Capsicum annuum,Chili Pepper,faint,light,Mild Solanaceae foliage aroma.,The foliage has a mild Solanaceae foliage aroma.,leaf,level:faint->light; notes:sentence
AAA0263,Capsicum baccatum,Locoto Pepper,faint,light,Fruity citrus aroma from pods.,Fruity citrus aroma from pods.,fruit,level:faint->light
AAA0267,Carduus nutans,Musk Thistle,moderate,moderate,Sweet musky scent.,The flowers have a sweet musky scent.,flower,notes:sentence
AAA0279,Ceanothus americanus,New Jersey Tea,faint,light,Mild sweet scent.,The flowers have a mild sweet scent.,flower,level:faint->light; notes:sentence
AAA0280,Ceanothus gloriosus,Point Reyes Ceanothus,faint,light,Mild honey scent.,The flowers have a mild honey scent.,flower,level:faint->light; notes:sentence
AAA0281,Ceanothus griseus horizontalis,Ceanothus griseus horizontalis,faint,light,Faint honey-like scent from flowers.,Faint honey-like scent from flowers.,flower,level:faint->light
AAA0282,Ceanothus impressus,Santa Barbara Ceanothus,faint,light,Honey-like scent.,The flowers have a honey-like scent.,flower,level:faint->light; notes:sentence
AAA0283,Ceanothus maritimus,Maritime Ceanothus,faint,light,Faint honey scent from flowers.,Faint honey scent from flowers.,flower,level:faint->light
AAA0284,Ceanothus thyrsiflorus,Blueblossom,faint,light,Honey-like scent attracting bees.,The flowers have a honey-like scent that attracts bees.,flower,level:faint->light; notes:sentence
AAA0288,Celastrus orbiculatus,Asian Bittersweet,faint,light,Light sweet scent.,The flowers have a light sweet scent.,flower,level:faint->light; notes:sentence
AAA0295,Centaurea moschata,Sweet Sultan,strong,strong,Sweet musk fragrance.,The flowers have a sweet musk fragrance.,flower,notes:sentence
AAA0297,Centaurea stoebe,Spotted Knapweed,faint,light,Light sweet scent.,The flowers have a light sweet scent.,flower,level:faint->light; notes:sentence
AAA0303,Cercis chinensis,Chinese Redbud,faint,light,mild sweet,The flowers have a mild sweet scent.,flower,level:faint->light; notes:sentence
AAA0309,Chaenomeles japonica,Japanese Quince,faint,light,Flowers lightly fragrant; ripe fruit strongly aromatic.,Flowers lightly fragrant; ripe fruit strongly aromatic.,"flower,fruit",level:faint->light
AAA0310,Chaenomeles speciosa,Chinese Quince,moderate,strong,Ripe fruit strongly aromatic like quince; flowers lightly fragrant.,Ripe fruit strongly aromatic like quince; flowers lightly fragrant.,fruit,level:moderate->strong
AAA0312,Chamaedorea elegans,Parlour Palm,faint,light,Tiny yellow flowers have a light sweet scent.,Tiny yellow flowers have a light sweet scent.,flower,level:faint->light
AAA0317,Chionodoxa forbesii,Forbes' Glory-Of-The-Snow,faint,light,Flowers very lightly sweet-scented.,The flowers have a very lightly sweet-scented scent.,flower,level:faint->light; notes:sentence
AAA0319,Chionodoxa sardensis,Lesser Glory-Of-The-Snow,faint,light,Flowers very lightly sweet-scented.,The flowers have a very lightly sweet-scented scent.,flower,level:faint->light; notes:sentence
AAA0320,Chitalpa tashkentensis,× Chitalpa,faint,light,mild,The flowers have a mild scent.,flower,level:faint->light; notes:sentence
AAA0325,Chrysanthemum x morifolium,Chrysanthemum × Morifolium,faint,moderate,Distinctive herbaceous chrysanthemum scent; foliage more pungent than flowers.,Distinctive herbaceous chrysanthemum scent; foliage more pungent than flowers.,"flower,leaf",level:faint->light; level:light->moderate
AAA0329,Cinchona officinalis,Quinine Tree,moderate,moderate,Sweet tubular flower scent.,The flowers have a sweet tubular flower scent.,flower,notes:sentence
AAA0330,Cirsium arvense,Creeping Thistle,faint,light,Light honey scent.,The flowers have a light honey scent.,flower,level:faint->light; notes:sentence
AAA0331,Cirsium vulgare,Bull Thistle,moderate,moderate,"Sweet, honey-like scent.","The flowers have a sweet, honey-like scent.",flower,notes:sentence
AAA0342,Clematis alpina,Alpine Clematis,faint,light,Mild sweet scent.,The flowers have a mild sweet scent.,flower,level:faint->light; notes:sentence
AAA0343,Clematis armandii,Evergreen Clematis,strong,strong,Powerful sweet vanilla-almond fragrance.,The flowers have a powerful sweet vanilla-almond fragrance.,flower,notes:sentence
AAA0346,Clematis virginiana,Virgin's-Bower,faint,light,Mild sweet fragrance.,The flowers have a mild sweet fragrance.,flower,level:faint->light; notes:sentence
AAA0353,Cleyera japonica,"Bird Claw Cleyera, Japanese Cleyera",moderate,moderate,Sweet honey scent.,The flowers have a sweet honey scent.,flower,notes:sentence
AAA0356,Coleus scutellarioides,Coleus,faint,light,Mild minty scent when leaves crushed.,Mild minty scent when leaves crushed.,leaf,level:faint->light
AAA0362,Convolvulus arvensis,Field Bindweed,faint,light,Light sweet scent in morning.,Light sweet scent in morning.,flower,level:faint->light
AAA0368,Cornus alternifolia,Alternate-Leaved Dogwood,faint,light,mild,The flowers have a mild scent.,flower,level:faint->light; notes:sentence
AAA0369,Cornus controversa,Giant Dogwood,faint,light,mild,The flowers have a mild scent.,flower,level:faint->light; notes:sentence
AAA0372,Cornus mas,Cornelian Cherry,faint,light,mild,The flowers have a mild scent.,flower,level:faint->light; notes:sentence
AAA0378,Costus speciosus,Crêpe Ginger,faint,light,Light fresh scent.,The flowers have a light fresh scent.,flower,level:faint->light; notes:sentence
AAA0381,Crassula ovata,Jade Plant,faint,light,Starry clusters of small flowers have a faint sweet scent.,Starry clusters of small flowers have a faint sweet scent.,flower,level:faint->light
AAA0385,Crinum x powellii,Powell's Cape-Lily,moderate,moderate,"sweet, vanilla-like","The flowers have a sweet, vanilla-like scent.",flower,notes:sentence
AAA0386,Crocosmia aurea,Falling Stars,faint,light,mild saffron-like when dried,The flowers have a mild saffron-like when dried scent.,flower,level:faint->light; notes:sentence
AAA0388,Crocus vernus,Spring Crocus,faint,light,Light honey scent.,The flowers have a light honey scent.,flower,level:faint->light; notes:sentence
AAA0392,Cucumis sativus,Cucumber,faint,light,Fresh green aroma.,The foliage has a fresh green aroma.,"leaf,fruit",level:faint->light; notes:sentence
AAA0400,Cupressus arizonica,Arizona Cypress,moderate,moderate,Pungent resinous cypress scent.,The foliage has a pungent resinous cypress scent.,leaf,notes:sentence
AAA0404,Cyclamen persicum,Persian Cyclamen,faint,light,Some cultivars are bred for fragrance; most modern florist types have little scent.,Some cultivars are bred for fragrance; most modern florist types have little scent.,flower,level:faint->light
AAA0406,Cymbidium goeringii,Noble Orchid,moderate,light,"Subtle complex fragrance famously celebrated in Chinese literature — the ""scent of the empty valley.""","Subtle complex fragrance famously celebrated in Chinese literature — the ""scent of the empty valley."".",flower,level:moderate->light; notes:sentence
AAA0409,Cynara cardunculus,Artichoke Thistle,faint,light,Mild thistle-honey aroma from open flowers.,Mild thistle-honey aroma from open flowers.,flower,level:faint->light
AAA0411,Cyperus esculentus,Yellow Nutsedge,faint,light,Tubers sweet and nutty-flavored; plant mostly scentless.,Tubers sweet and nutty-flavored; plant mostly scentless.,tuber,level:faint->light
AAA0415,Cyrilla racemiflora,Swamp Titi,moderate,moderate,Sweet honey-like floral fragrance.,The flowers have a sweet honey-like floral fragrance.,flower,notes:sentence
AAA0421,Daphne cneorum,Rose Daphne,strong,strong,Intense sweet clove-carnation fragrance.,The flowers have an intense sweet clove-carnation fragrance.,flower,notes:sentence
AAA0427,Daucus carota,Wild Carrot,faint,light,Distinctive carrot aroma in crushed foliage and roots.,Distinctive carrot aroma in crushed foliage and roots.,"leaf,root",level:faint->light
AAA0432,Deutzia crenata,Deutzia,faint,light,Flowers very lightly sweet-scented.,The flowers have a very lightly sweet-scented scent.,flower,level:faint->light; notes:sentence
AAA0433,Deutzia gracilis,Slender Deutzia,faint,light,"Light sweet scent, not strong.","Light sweet scent, not strong.",flower,level:faint->light
AAA0434,Deutzia purpurascens,Deutzia purpurascens,faint,light,Flowers lightly sweet-scented.,The flowers have a lightly sweet-scented scent.,flower,level:faint->light; notes:sentence
AAA0435,Deutzia scabra,Deutzia,faint,light,Mild sweet scent.,The flowers have a mild sweet scent.,flower,level:faint->light; notes:sentence
AAA0436,Deutzia x hybrida,Deutzia x hybrida,faint,light,Flowers lightly sweet-scented.,The flowers have a lightly sweet-scented scent.,flower,level:faint->light; notes:sentence
AAA0439,Dianthus chinensis,Chinese-Pink,faint,light,Faint spicy-sweet clove scent.,The flowers have a faint spicy-sweet clove scent.,flower,level:faint->light; notes:sentence
AAA0440,Dianthus deltoides,Maiden Pink,faint,light,"Very faint scent, much less pronounced than cottage pink.","Very faint scent, much less pronounced than cottage pink.",flower,level:faint->light
AAA0442,Dianthus knappii,Yellow Pink,faint,light,,Flowers have a light clove-like scent typical of some Dianthus.,flower,level:faint->light; notes:filled
AAA0456,Diplotaxis tenuifolia,Perennial Wall-Rocket,moderate,moderate,Sharp peppery mustard aroma.,The foliage has a sharp peppery mustard aroma.,leaf,notes:sentence
AAA0460,Dracaena marginata,Dracaena Reflexa,faint,light,"Rare indoor flowers have a mild sweet scent, most noticeable at night.","Rare indoor flowers have a mild sweet scent, most noticeable at night.",flower,level:faint->light
AAA0461,Dracaena reflexa,Song Of India,faint,light,Faint floral scent when blooming.,Faint floral scent when blooming.,flower,level:faint->light
AAA0475,Echinacea angustifolia,Narrow-Leaved Purple Coneflower,faint,light,Mild honey scent.,The flowers have a mild honey scent.,flower,level:faint->light; notes:sentence
AAA0478,Echinacea purpurea,Purple Coneflower,faint,light,Mild honey-like scent attractive to bees and butterflies.,Mild honey-like scent attractive to bees and butterflies.,flower,level:faint->light
AAA0482,Eichhornia crassipes,Common Water Hyacinth,faint,light,Light sweet scent.,The flowers have a light sweet scent.,flower,level:faint->light; notes:sentence
AAA0483,Elaeagnus umbellata,Autumn Olive,strong,strong,"Sweet, jasmine-like fragrance.","The flowers have a sweet, jasmine-like fragrance.",flower,notes:sentence
AAA0497,Eremurus robustus,Foxtail Lily,faint,light,Flowers very lightly honey-scented.,The flowers have a very lightly honey-scented scent.,flower,level:faint->light; notes:sentence
AAA0498,Erigeron canadensis,Horseweed,faint,light,Foliage faintly aromatic when crushed.,Foliage faintly aromatic when crushed.,leaf,level:faint->light
AAA0499,Eriogonum arborescens,Santa Cruz Island Wild Buckwheat,faint,light,Honey-like scent attracting pollinators.,The flowers have a honey-like scent that attracts pollinators.,flower,level:faint->light; notes:sentence
AAA0500,Eriogonum fasciculatum,California Buckwheat,faint,light,Sweet honey-like scent attracting pollinators.,Sweet honey-like scent attracting pollinators.,flower,level:faint->light
AAA0501,Eruca sativa,Rocket Salad,moderate,moderate,Peppery-mustard aroma when bruised.,The foliage has a peppery-mustard aroma when bruised scent.,leaf,notes:sentence
AAA0506,Etlingera elatior,Torch Ginger,moderate,moderate,Warm gingery-floral scent.,The flowers have a warm gingery-floral scent.,"flower,leaf",notes:sentence
AAA0507,Eucomis bicolor,Variegated Pineapple Lily,faint,light,Flowers very lightly musty-sweet.,The flowers have a very lightly musty-sweet scent.,flower,level:faint->light; notes:sentence
AAA0508,Eucomis comosa,Crown Pineapple Lily,faint,light,"mild, sometimes unpleasant","The flowers have a mild, sometimes unpleasant scent.",flower,level:faint->light; notes:sentence
AAA0512,Euonymus japonicus,Japanese Spindle Tree,faint,light,Mild scent—some find unpleasant.,Mild scent—some find unpleasant.,flower,level:faint->light
AAA0522,Eustoma grandiflorum,Showy Prairie Gentian,faint,light,,Flowers are only lightly scented.,flower,level:faint->light; notes:filled
AAA0523,Exochorda giraldii,Exochorda Racemosa,faint,light,Flowers very lightly sweet-scented.,The flowers have a very lightly sweet-scented scent.,flower,level:faint->light; notes:sentence
AAA0524,Exochorda racemosa,Pearl Bush,faint,light,Mild sweet scent.,The flowers have a mild sweet scent.,flower,level:faint->light; notes:sentence
AAA0527,Fallopia japonica,Japanese Knotweed,faint,light,Light honey scent attracting bees.,Light honey scent attracting bees.,flower,level:faint->light
AAA0535,Ficus carica,Common Fig,faint,light,"Distinctive green-milky fig aroma, especially from crushed leaves.","Distinctive green-milky fig aroma, especially from crushed leaves.","fruit,leaf",level:faint->light
AAA0547,Franklinia alatamaha,Franklin Tree,moderate,moderate,"sweet, honey-like","The flowers have a sweet, honey-like scent.",flower,notes:sentence
AAA0555,Fritillaria persica,Sand Fritillary,faint,light,Bulbs faintly musky; flowers nearly scentless.,Bulbs faintly musky; flowers nearly scentless.,bulb,level:faint->light
AAA0560,Galanthus elwesii,Greater Snowdrop,faint,light,Flowers lightly honey-scented.,The flowers have a lightly honey-scented scent.,flower,level:faint->light; notes:sentence
AAA0561,Galanthus nivalis,Common Snowdrop,faint,light,Flowers lightly honey-scented on warm days.,Flowers lightly honey-scented on warm days.,flower,level:faint->light
AAA0563,Galinsoga quadriradiata,Shaggy Soldier,faint,light,"Foliage faintly earthy-herbal, distinctive in Colombian cuisine.","Foliage faintly earthy-herbal, distinctive in Colombian cuisine.",leaf,level:faint->light
AAA0569,Gelsemium sempervirens,Yellow Jessamine,strong,strong,Sweet jasmine-honeysuckle fragrance.,The flowers have a sweet jasmine-honeysuckle fragrance.,flower,notes:sentence
AAA0571,Geranium macrorrhizum,Rock Crane's-Bill,strong,strong,"aromatic, resinous, pine-like","The foliage has an aromatic, resinous, pine-like scent.","leaf,root",notes:sentence
AAA0574,Geranium sanguineum,Bloody Crane's-Bill,faint,light,Mild musky scent when leaves are crushed.,Mild musky scent when leaves are crushed.,leaf,level:faint->light
AAA0583,Gladiolus nanus,Late Bobbejaantjie,faint,light,mild,The flowers have a mild scent.,flower,level:faint->light; notes:sentence
AAA0586,Glechoma hederacea,Ground-Ivy,moderate,moderate,Foliage minty-resinous when crushed.,The foliage has a minty-resinous when crushed scent.,leaf,notes:sentence
AAA0587,Gleditsia japonica,Japanese Honey Locust,faint,light,Mild sweet pea-like scent.,The flowers have a mild sweet pea-like scent.,flower,level:faint->light; notes:sentence
AAA0591,Gordonia lasianthus,Loblolly Bay,moderate,moderate,Sweet camellia-like fragrance.,The flowers have a sweet camellia-like fragrance.,flower,notes:sentence
AAA0599,Hamamelis virginiana,American Witch Hazel,moderate,moderate,Sweet delicate autumn fragrance.,The flowers have a sweet delicate autumn fragrance.,flower,notes:sentence
AAA0602,Hedera helix,Common Ivy,faint,light,Autumn flowers have a faint musky scent attractive to late-season pollinators.,Autumn flowers have a faint musky scent attractive to late-season pollinators.,flower,level:faint->light
AAA0604,Helianthus annuus,Common Sunflower,faint,light,Mild pollen scent.,The flowers have a mild pollen scent.,flower,level:faint->light; notes:sentence
AAA0607,Helichrysum petiolare,Licorice Plant,faint,light,Faint licorice-like scent from crushed foliage.,Faint licorice-like scent from crushed foliage.,leaf,level:faint->light
AAA0609,Heliotropium arborescens,Cherry-Pie,strong,strong,"vanilla, cherry pie, almond","The flowers have a vanilla, cherry pie, almond scent.",flower,notes:sentence
AAA0612,Hemerocallis citrina,Citron Day-Lily,strong,strong,"citrus, lemon","The flowers have a citrus, lemon scent.",flower,notes:sentence
AAA0613,Hemerocallis fulva,Orange Day-Lily,faint,light,Most daylilies are weakly scented; some modern cultivars have been bred for stronger fragrance.,Most daylilies are weakly scented; some modern cultivars have been bred for stronger fragrance.,flower,level:faint->light
AAA0614,Hemerocallis lilioasphodelus,Yellow Daylily,moderate,moderate,sweet citrus,The flowers have a sweet citrus scent.,flower,notes:sentence
AAA0615,Hemerocallis minor,Small Daylily,moderate,moderate,sweet,The flowers have a sweet scent.,flower,notes:sentence
AAA0616,Heptacodium miconioides,Seven Sons Tree,strong,strong,sweet jasmine-like,The flowers have a sweet jasmine-like scent.,flower,notes:sentence
AAA0617,Heracleum mantegazzianum,Giant Hogweed,faint,light,Light musky scent.,The flowers have a light musky scent.,flower,level:faint->light; notes:sentence
AAA0619,Hesperis matronalis,Dame's Rocket,strong,strong,"Sweet, spicy evening fragrance.","The flowers have a sweet, spicy evening fragrance.",flower,notes:sentence
AAA0630,Holboellia latifolia,Stauntonia Latifolia,moderate,moderate,Sweet jasmine-vanilla fragrance.,The flowers have a sweet jasmine-vanilla fragrance.,flower,notes:sentence
AAA0632,Hosta fortunei,Hosta Sieboldiana,faint,light,,"Flowers may be lightly fragrant, especially in warm evening air.",flower,level:faint->light; notes:filled
AAA0634,Hosta montana,Hosta Sieboldiana,faint,light,mild sweet,The flowers have a mild sweet scent.,flower,level:faint->light; notes:sentence
AAA0635,Hosta nigrescens,Hosta,faint,light,,"Flowers may be lightly fragrant, especially in warm evening air.",flower,level:faint->light; notes:filled
AAA0638,Hosta sieboldii,Small-Leaved Plantain Lily,faint,light,,"Flowers may be lightly fragrant, especially in warm evening air.",flower,level:faint->light; notes:filled
AAA0640,Hosta ventricosa,Blue Plantain-Lily,faint,light,,"Flowers may be lightly fragrant, especially in warm evening air.",flower,level:faint->light; notes:filled
AAA0645,Hoya linearis,Hoya linearis,moderate,moderate,Lemon-vanilla scent from flowers.,The flowers have a lemon-vanilla scent when open.,flower,notes:sentence
AAA0650,Hydrangea anomala,Chinese Hydrangea,faint,light,Mild honey-like scent.,The flowers have a mild honey-like scent.,flower,level:faint->light; notes:sentence
AAA0651,Hydrangea arborescens,Wild Hydrangea,faint,light,Light honey scent.,The flowers have a light honey scent.,flower,level:faint->light; notes:sentence
AAA0652,Hydrangea aspera,Rough-Leaved Hydrangea,faint,light,Mild sweet fragrance.,The flowers have a mild sweet fragrance.,flower,level:faint->light; notes:sentence
AAA0653,Hydrangea heteromalla,Hydrangea heteromalla,faint,light,Flowers lightly honey-scented.,The flowers have a lightly honey-scented scent.,flower,level:faint->light; notes:sentence
AAA0655,Hydrangea macrophylla,Mophead Hydrangea,faint,light,Light honey-like scent at close range; most cultivars are weakly fragrant.,Light honey-like scent at close range; most cultivars are weakly fragrant.,flower,level:faint->light
AAA0656,Hydrangea paniculata,Panicle Hydrangea,faint,light,Light honey scent.,The flowers have a light honey scent.,flower,level:faint->light; notes:sentence
AAA0657,Hydrangea petiolaris,Climbing Hydrangea,faint,light,Mild honey scent.,The flowers have a mild honey scent.,flower,level:faint->light; notes:sentence
AAA0658,Hydrangea quercifolia,Oakleaf Hydrangea,faint,light,Light honey scent.,The flowers have a light honey scent.,flower,level:faint->light; notes:sentence
AAA0659,Hydrangea serrata,Mountain Hydrangea,faint,light,Mild sweet scent.,The flowers have a mild sweet scent.,flower,level:faint->light; notes:sentence
AAA0660,Hypericum calycinum,Rose-Of-Sharon,faint,light,Mild resinous scent when leaves crushed.,Mild resinous scent when leaves crushed.,leaf,level:faint->light
AAA0661,Hypericum perforatum,Common St. John's Wort,faint,light,Mild herbal scent.,The flowers have a mild herbal scent.,flower,level:faint->light; notes:sentence
AAA0663,Hyssopus officinalis,Hyssop,strong,strong,Pungent mint-camphor-sage aroma.,The foliage has a pungent mint-camphor-sage aroma.,leaf,notes:sentence
AAA0664,Ilex aquifolium,European Holly,faint,light,Male flowers mildly honey-scented.,The male flowers have a mild honey-like scent.,flower,level:faint->light; notes:sentence
AAA0665,Ilex cornuta,Chinese Holly,faint,light,Mild sweet scent from flowers.,Mild sweet scent from flowers.,flower,level:faint->light
AAA0668,Ilex opaca,American Holly,faint,light,Mild honey-like scent from male flowers.,Mild honey-like scent from male flowers.,flower,level:faint->light
AAA0669,Ilex vomitoria,Yaupon Holly,faint,light,Mild honey-like scent from male flowers.,Mild honey-like scent from male flowers.,flower,level:faint->light
AAA0670,Ilex x meserveae,Ilex x meserveae,faint,light,Mild sweet scent from male flowers.,Mild sweet scent from male flowers.,flower,level:faint->light
AAA0681,Ipomoea purpurea,Common Morning-Glory,faint,light,Flowers have a very faint sweet scent.,Flowers have a very faint sweet scent.,flower,level:faint->light
AAA0682,Ipomoea tricolor,Garden Morning Glory,faint,light,Very faint sweet scent in morning.,Very faint sweet scent in morning.,flower,level:faint->light
AAA0685,Iris douglasiana,Douglas Iris,faint,light,Light delicate scent.,The flowers have a light delicate scent.,flower,level:faint->light; notes:sentence
AAA0686,Iris ensata,Japanese Iris,faint,light,Light violet-like scent.,The flowers have a light violet-like scent.,flower,level:faint->light; notes:sentence
AAA0688,Iris hollandica,Iris × Hollandica,faint,light,mild,The flowers have a mild scent.,flower,level:faint->light; notes:sentence
AAA0689,Iris munzii,Munz's Iris,faint,light,Light delicate scent.,The flowers have a light delicate scent.,flower,level:faint->light; notes:sentence
AAA0690,Iris pallida,Sweet Iris,strong,strong,"sweet, violet-like (root after curing)","The flowers have a sweet, violet-like (root after curing) scent.","flower,root",notes:sentence
AAA0691,Iris pseudacorus,Yellow Iris,faint,light,Light delicate scent.,The flowers have a light delicate scent.,flower,level:faint->light; notes:sentence
AAA0692,Iris reticulata,Netted Iris,faint,light,mild violet-like,The flowers have a mild violet-like scent.,flower,level:faint->light; notes:sentence
AAA0693,Iris sibirica,Siberian Iris,faint,light,mild,The flowers have a mild scent.,flower,level:faint->light; notes:sentence
AAA0694,Iris versicolor,Northern Blue Flag,faint,light,Light delicate scent.,The flowers have a light delicate scent.,flower,level:faint->light; notes:sentence
AAA0695,Itea japonica,Itea japonica,faint,light,Flowers lightly sweet-scented.,The flowers have a lightly sweet-scented scent.,flower,level:faint->light; notes:sentence
AAA0697,Ixora coccinea,Jungle Flame,faint,light,Light sweet scent.,The flowers have a light sweet scent.,flower,level:faint->light; notes:sentence
AAA0705,Juniperus horizontalis,Creeping Juniper,moderate,moderate,Resinous juniper scent.,The foliage has a resinous juniper scent.,leaf,notes:sentence
AAA0706,Juniperus scopulorum,Rocky Mountain Juniper,strong,strong,Resinous juniper-cedar aroma.,The foliage has a resinous juniper-cedar aroma.,"leaf,wood",notes:sentence
AAA0707,Juniperus squamata,Flaky Juniper,moderate,moderate,Resinous juniper scent.,The foliage has a resinous juniper scent.,leaf,notes:sentence
AAA0709,Kadsura japonica,Kadsura Vine,moderate,moderate,Sweet delicate fragrance.,The flowers have a sweet delicate fragrance.,flower,notes:sentence
AAA0717,Koelreuteria paniculata,Golden Rain Tree,faint,light,mild,The flowers have a mild scent.,flower,level:faint->light; notes:sentence
AAA0718,Kolkwitzia amabilis,Beauty Bush,faint,light,Flowers lightly sweet-scented.,The flowers have a lightly sweet-scented scent.,flower,level:faint->light; notes:sentence
AAA0719,Laburnum anagyroides,Common Laburnum,faint,light,mild sweet,The flowers have a mild sweet scent.,flower,level:faint->light; notes:sentence
AAA0720,Laburnum x watereri,Golden Chain Tree,faint,light,mild sweet,The flowers have a mild sweet scent.,flower,level:faint->light; notes:sentence
AAA0724,Lagerstroemia fauriei,Lagerstroemia Subcostata,faint,light,mild,The flowers have a mild scent.,flower,level:faint->light; notes:sentence
AAA0728,Lamium purpureum,Red Deadnettle,faint,light,Foliage faintly resinous when crushed.,Foliage faintly resinous when crushed.,leaf,level:faint->light
AAA0730,Lamprocapnos spectabilis,Asian Bleeding-Heart,faint,light,Flowers lightly sweet-scented.,The flowers have a lightly sweet-scented scent.,flower,level:faint->light; notes:sentence
AAA0732,Lantana montevidensis,Creeping Lantana,faint,strong,Strong pungent scent from crushed leaves — somewhat divisive; flowers are mildly honey-scented.,Strong pungent scent from crushed leaves — somewhat divisive; flowers are mildly honey-scented.,leaf,level:faint->light; level:light->strong
AAA0738,Layia platyglossa,Tidy Tips,faint,light,,"Flowers have little scent, at most lightly sweet up close.",flower,level:faint->light; notes:filled
AAA0741,Leucanthemum paludosum,Mini-Marguerite,faint,light,,"Foliage has a light green, herbaceous scent when crushed.",leaf,level:faint->light; notes:filled
AAA0743,Leucanthemum x superbum,Shasta Daisy,faint,light,mild herbaceous,The flowers have a mild herbaceous scent.,flower,level:faint->light; notes:sentence
AAA0744,Leucojum aestivum,Summer Snowflake,faint,light,"Flowers lightly sweet, faintly chocolate-scented.","The flowers have a lightly sweet, faintly chocolate-scented scent.",flower,level:faint->light; notes:sentence
AAA0745,Leucojum vernum,Spring Snowflake,faint,light,"Flowers lightly sweet, faintly violet-scented.","The flowers have a lightly sweet, faintly violet-scented scent.",flower,level:faint->light; notes:sentence
AAA0746,Leucophyllum laevigatum,Leucophyllum laevigatum,moderate,light,Sweet light lavender fragrance.,The flowers have a sweet light lavender fragrance.,flower,level:moderate->light; notes:sentence
AAA0747,Leucophyllum langmaniae,Leucophyllum langmaniae,faint,light,,Foliage has a light aromatic scent when brushed.,leaf,level:faint->light; notes:filled
AAA0749,Leucothoe populifolia,Agarista Populifolia,faint,light,,"Flowers have a light, barely noticeable scent.",flower,level:faint->light; notes:filled
AAA0750,Levisticum officinale,Lovage,strong,strong,Intense celery-yeast-curry aroma.,The foliage has an intense celery-yeast-curry aroma.,"leaf,root",notes:sentence
AAA0761,Lilium henryi,Henry's Lily,faint,light,mild,The flowers have a mild scent.,flower,level:faint->light; notes:sentence
AAA0762,Lilium lancifolium,Tiger Lily,faint,light,mild,The flowers have a mild scent.,flower,level:faint->light; notes:sentence
AAA0764,Lilium martagon,Martagon Lily,moderate,moderate,"musky, unpleasant to some","The flowers have a musky, unpleasant to some scent.",flower,notes:sentence
AAA0766,Lilium regale,Regal Lily,strong,strong,"sweet, spicy, vanilla-like","The flowers have a sweet, spicy, vanilla-like scent.",flower,notes:sentence
AAA0767,Lilium speciosum,Showy Japanese Lily,strong,strong,"sweet, heavy, spicy","The flowers have a sweet, heavy, spicy scent.",flower,notes:sentence
AAA0768,Linaria maroccana,Annual Toadflax,faint,light,,"Flowers have a light, soft scent.",flower,level:faint->light; notes:filled
AAA0771,Liriodendron tulipifera,American Tuliptree,faint,light,"Flowers have a light, sweet scent.","Flowers have a light, sweet scent.",flower,level:faint->light
AAA0774,Lithops lesliei,Lithops lesliei,faint,light,Flowers have a faint sweet scent.,Flowers have a faint sweet scent.,flower,level:faint->light
AAA0779,Lobularia maritima,Sweet Alyssum,strong,strong,Intense sweet honey fragrance.,The flowers have an intense sweet honey fragrance.,flower,notes:sentence
AAA0783,Lonicera sempervirens,Coral Honeysuckle,faint,light,Faint or no scent—unlike the heavily fragrant L. japonica. Pollinated by hummingbirds (sight-based) rather than scent.,Faint or no scent—unlike the heavily fragrant L. japonica. Pollinated by hummingbirds (sight-based) rather than scent.,flower,level:faint->light
AAA0784,Lonicera x heckrottii,Honeysuckle,moderate,moderate,Sweet vanilla-honey fragrance.,The flowers have a sweet vanilla-honey fragrance.,flower,notes:sentence
AAA0785,Loropetalum chinense,Chinese Fringe Flower,faint,light,Mild sweet scent.,The flowers have a mild sweet scent.,flower,level:faint->light; notes:sentence
AAA0787,Lupinus albifrons,Silver Bush Lupine,moderate,moderate,Sweet fragrance.,The flowers have a sweet fragrance.,flower,notes:sentence
AAA0789,Lupinus polyphyllus,Large-Leaved Lupine,faint,light,Subtle peppery scent.,The flowers have a subtle peppery scent.,flower,level:faint->light; notes:sentence
AAA0792,Lycoris squamigera,Surprise Lily,faint,light,Flowers very lightly sweet-scented.,The flowers have a very lightly sweet-scented scent.,flower,level:faint->light; notes:sentence
AAA0793,Lyonia lucida,Fetterbush Lyonia,faint,light,,"Flowers have a light, delicate scent.",flower,level:faint->light; notes:filled
AAA0795,Maclura pomifera,Osage Orange,faint,light,Fruit has mild citrus-like scent when cut.,Fruit has mild citrus-like scent when cut.,fruit,level:faint->light
AAA0796,Magnolia acuminata,Cucumber-Tree,faint,light,mild,The flowers have a mild scent.,flower,level:faint->light; notes:sentence
AAA0797,Magnolia ashei,Ashe's Magnolia,strong,strong,Heavy sweet lemon-citrus scent.,The flowers have a heavy sweet lemon-citrus scent.,flower,notes:sentence
AAA0798,Magnolia campbellii,Pink Tulip Tree,moderate,moderate,Sweet faintly citrus-fruity scent.,The flowers have a sweet faintly citrus-fruity scent.,flower,notes:sentence
AAA0799,Magnolia denudata,Yulan Magnolia,strong,strong,"sweet, lemony","The flowers have a sweet, lemony scent.",flower,notes:sentence
AAA0801,Magnolia kobus,Kobus Magnolia,moderate,light,"sweet, light","The flowers have a sweet, light scent.",flower,level:moderate->light; notes:sentence
AAA0802,Magnolia liliiflora,Lily Magnolia,moderate,light,"fruity, light","The flowers have a fruity, light scent.",flower,level:moderate->light; notes:sentence
AAA0803,Magnolia pyramidata,Pyramid Magnolia,moderate,moderate,Sweet lemony magnolia scent.,The flowers have a sweet lemony magnolia scent.,flower,notes:sentence
AAA0804,Magnolia sieboldii,Oyama Magnolia,strong,strong,"sweet, lemon-fresh","The flowers have a sweet, lemon-fresh scent.",flower,notes:sentence
AAA0805,Magnolia stellata,Star Magnolia,moderate,light,Sweet light floral scent.,The flowers have a sweet light floral scent.,flower,level:moderate->light; notes:sentence
AAA0806,Magnolia tripetala,Umbrella Magnolia,moderate,moderate,"musky, unpleasant to some","The flowers have a musky, unpleasant to some scent.",flower,notes:sentence
AAA0807,Magnolia x soulangeana,Chinese Magnolia,moderate,light,Sweet light floral scent.,The flowers have a sweet light floral scent.,flower,level:moderate->light; notes:sentence
AAA0809,Mahonia repens,Creeping Mahonia,faint,light,,Flowers have a light sweet scent.,flower,level:faint->light; notes:filled
AAA0810,Mahonia x media,Berberis × Hortensis,strong,strong,Sweet lily-of-the-valley fragrance.,The flowers have a sweet lily-of-the-valley fragrance.,flower,notes:sentence
AAA0812,Malus floribunda,Japanese Crab,faint,light,Light sweet scent.,The flowers have a light sweet scent.,flower,level:faint->light; notes:sentence
AAA0813,Malva neglecta,Dwarf Mallow,faint,light,Flowers very lightly sweet-scented.,The flowers have a very lightly sweet-scented scent.,flower,level:faint->light; notes:sentence
AAA0826,Medicago lupulina,Black Medick,faint,light,Flowers lightly honey-scented.,The flowers have a lightly honey-scented scent.,flower,level:faint->light; notes:sentence
AAA0829,Melampodium leucanthum,Blackfoot Daisy,moderate,light,Light honey-like scent attracts pollinators.,Light honey-like scent attracts pollinators.,flower,level:moderate->light
AAA0831,Mentha pulegium,Pennyroyal,strong,strong,Strong peppermint-menthol aroma.,The foliage has a strong peppermint-menthol aroma.,leaf,notes:sentence
AAA0837,Metasequoia glyptostroboides,Dawn Redwood,faint,light,Light resinous scent when foliage is crushed.,Light resinous scent when foliage is crushed.,leaf,level:faint->light
AAA0848,Monarda bradburiana,Eastern Beebalm,moderate,moderate,"minty, thyme-like","The foliage has a minty, thyme-like scent.",leaf,notes:sentence
AAA0851,Monarda didyma,Scarlet Beebalm,strong,strong,Oregano-bergamot aroma.,The foliage has an oregano-bergamot aroma.,leaf,notes:sentence
AAA0854,Monarda punctata,Spotted Horsemint,strong,strong,"thyme-like, oregano-like","The foliage has a thyme-like, oregano-like scent.",leaf,notes:sentence
AAA0856,Monstera deliciosa,Swiss Cheese Plant,faint,light,Ripe fruit carries a tropical pineapple-banana scent; foliage is not fragrant.,Ripe fruit carries a tropical pineapple-banana scent; foliage is not fragrant.,fruit,level:faint->light
AAA0859,Morus nigra,Black Mulberry,faint,light,,Ripe fruit has a light sweet aroma.,fruit,level:faint->light; notes:filled
AAA0864,Muscari armeniacum,Garden Grape-Hyacinth,faint,light,"Flowers lightly sweet, reminiscent of grape jelly.","The flowers have a lightly sweet, reminiscent of grape jelly scent.",flower,level:faint->light; notes:sentence
AAA0865,Muscari botryoides,Common Grape Hyacinth,faint,light,Flowers lightly sweet-scented.,The flowers have a lightly sweet-scented scent.,flower,level:faint->light; notes:sentence
AAA0866,Muscari latifolium,Broad-Leaved Grape-Hyacinth,faint,light,Flowers lightly sweet-scented.,The flowers have a lightly sweet-scented scent.,flower,level:faint->light; notes:sentence
AAA0870,Myrrhis odorata,Sweet Cicely,strong,strong,Sweet anise-myrrh aroma.,The foliage has a sweet anise-myrrh aroma.,"leaf,seed,root",notes:sentence
AAA0872,Nandina domestica,Heavenly Bamboo,faint,light,Flowers lightly sweet-scented.,The flowers have a lightly sweet-scented scent.,flower,level:faint->light; notes:sentence
AAA0873,Narcissus cyclamineus,Cyclamen-Flowered Daffodil,faint,light,mild,The flowers have a mild scent.,flower,level:faint->light; notes:sentence
AAA0876,Narcissus pseudonarcissus,Wild Daffodil,faint,light,Light sweet scent in most wild forms; some cultivars significantly more fragrant.,Light sweet scent in most wild forms; some cultivars significantly more fragrant.,flower,level:faint->light
AAA0877,Narcissus tazetta,Bunch-Flowered Daffodil,strong,strong,"sweet, musky, intense","The flowers have a sweet, musky, intense scent.",flower,notes:sentence
AAA0878,Narcissus triandrus,Angel's-Tears,faint,light,mild sweet,The flowers have a mild sweet scent.,flower,level:faint->light; notes:sentence
AAA0883,Nemesia strumosa,Cape-Jewels,faint,light,Light sweet fragrance in some cultivars.,Light sweet fragrance in some cultivars.,flower,level:faint->light
AAA0887,Nepeta racemosa,Eastern Cat-Mint,moderate,moderate,"minty, catnip-like","The foliage has a minty, catnip-like scent.",leaf,notes:sentence
AAA0889,Nepeta x faassenii,Catmint,moderate,moderate,"minty, catnip-like","The foliage has a minty, catnip-like scent.",leaf,notes:sentence
AAA0894,Nicotiana mutabilis,Nicotiana mutabilis,faint,light,Very light evening scent.,The flowers have a very light evening scent.,flower,level:faint->light; notes:sentence
AAA0898,Nigella sativa,Nigella,faint,light,Seeds have a distinctive peppery oregano-like aroma.,Seeds have a distinctive peppery oregano-like aroma.,seed,level:faint->light
AAA0899,Nymphaea alba,European White Waterlily,moderate,light,"Light sweet scent, strongest in morning.","Light sweet scent, strongest in morning.",flower,level:moderate->light
AAA0902,Ocimum sanctum,Holy Basil,strong,strong,Clove-like eugenol aroma.,The flowers have a clove-like eugenol aroma.,"leaf,flower",notes:sentence
AAA0903,Ocimum tenuiflorum,Holy Basil,strong,strong,Clove-like eugenol aroma.,The flowers have a clove-like eugenol aroma.,"leaf,flower",notes:sentence
AAA0906,Oenothera lindheimeri,Clockweed,faint,light,Light delicate scent.,The flowers have a light delicate scent.,flower,level:faint->light; notes:sentence
AAA0907,Oenothera speciosa,Pink Evening Primrose,faint,light,Light sweet scent.,The flowers have a light sweet scent.,flower,level:faint->light; notes:sentence
AAA0910,Oplopanax horridus,Devil's Club,faint,light,Ginseng-like resinous scent when bruised.,Ginseng-like resinous scent when bruised.,leaf,level:faint->light
AAA0915,Orlaya grandiflora,Large-Flowered Orlaya,faint,light,mild herbaceous,The flowers have a mild herbaceous scent.,flower,level:faint->light; notes:sentence
AAA0928,Pachysandra terminalis,Japanese Pachysandra,faint,light,Faint sweet scent from flowers in early spring.,Faint sweet scent from flowers in early spring.,flower,level:faint->light
AAA0931,Paeonia mlokosewitschii,Paeonia Daurica Subsp. Mlokosewitschii,faint,light,,"Flowers are lightly scented, if noticeable.",flower,level:faint->light; notes:filled
AAA0933,Paeonia ostii,Paeonia ostii,strong,strong,Sweet peony fragrance.,The flowers have a sweet peony fragrance.,flower,notes:sentence
AAA0934,Paeonia rockii,Paeonia rockii,moderate,moderate,Sweet soft peony fragrance.,The flowers have a sweet soft peony fragrance.,flower,notes:sentence
AAA0936,Paeonia tenuifolia,Fern-Leaf Peony,faint,light,,"Flowers are lightly scented, if noticeable.",flower,level:faint->light; notes:filled
AAA0940,Papaver nudicaule,Iceland Poppy,faint,light,Faint delicate scent.,The flowers have a faint delicate scent.,flower,level:faint->light; notes:sentence
AAA0943,Papaver somniferum,Opium Poppy,faint,light,Very light sweet scent.,The flowers have a very light sweet scent.,flower,level:faint->light; notes:sentence
AAA0948,Passiflora caerulea,Bluecrown Passionflower,faint,light,Light sweet scent.,The flowers have a light sweet scent.,flower,level:faint->light; notes:sentence
AAA0950,Passiflora incarnata,Purple Passionflower,moderate,moderate,Sweet exotic tropical fragrance.,The flowers have a sweet exotic tropical fragrance.,flower,notes:sentence
AAA0951,Paulownia tomentosa,Princess Tree,strong,strong,Sweet vanilla-like scent.,The flowers have a sweet vanilla-like scent.,flower,notes:sentence
AAA0953,Pelargonium peltatum,Ivy Geranium,faint,light,Mild herbaceous scent from crushed leaves.,Mild herbaceous scent from crushed leaves.,leaf,level:faint->light
AAA0978,Petroselinum crispum,Garden Parsley,moderate,moderate,Fresh green herbal aroma.,The foliage has a fresh green herbal aroma.,leaf,notes:sentence
AAA0980,Phacelia tanacetifolia,Lacy Phacelia,faint,light,Sweet honey fragrance attracts bees.,Sweet honey fragrance attracts bees.,flower,level:faint->light
AAA0981,Phalaenopsis amabilis,Moth Orchid,faint,light,Species is nearly scentless; some hybrids have faint sweet fragrance.,Species is nearly scentless; some hybrids have faint sweet fragrance.,flower,level:faint->light
AAA0985,Philadelphus lewisii,Lewis' Mock Orange,strong,strong,Flowers strongly orange-blossom scented.,The flowers have a strongly orange-blossom scented scent.,flower,notes:sentence
AAA0987,Philadelphus x virginalis,Hairy Mock Orange,strong,strong,Flowers intensely orange-blossom scented.,The flowers have an intensely orange-blossom scented scent.,flower,notes:sentence
AAA0996,Phlox carolina,Thickleaf Phlox,moderate,moderate,sweet,The flowers have a sweet scent.,flower,notes:sentence
AAA0998,Phlox maculata,Wild Sweetwilliam,moderate,moderate,sweet,The flowers have a sweet scent.,flower,notes:sentence
AAA1000,Phlox pilosa,Prairie Phlox,moderate,light,Sweet light fragrance attracts butterflies.,Sweet light fragrance attracts butterflies.,flower,level:moderate->light
AAA1001,Phlox stolonifera,Creeping Phlox,faint,light,Mild sweet scent.,The flowers have a mild sweet scent.,flower,level:faint->light; notes:sentence
AAA1002,Phlox subulata,Moss Phlox,faint,light,Mild sweet scent.,The flowers have a mild sweet scent.,flower,level:faint->light; notes:sentence
AAA1003,Photinia x fraseri,Fraser's Photinia,faint,light,unpleasant musky,The flowers have an unpleasant musky scent.,flower,level:faint->light; notes:sentence
AAA1008,Physocarpus capitatus,Pacific Ninebark,faint,light,Flowers mildly honey-scented.,The flowers have a mildly honey-scented scent.,flower,level:faint->light; notes:sentence
AAA1009,Physocarpus opulifolius,Common Ninebark,faint,light,Flowers mildly honey-scented.,The flowers have a mildly honey-scented scent.,flower,level:faint->light; notes:sentence
AAA1010,Picea abies,Norway Spruce,moderate,moderate,Fresh resinous Christmas-tree scent.,The foliage has a fresh resinous Christmas-tree scent.,"leaf,wood",notes:sentence
AAA1013,Picea omorika,Serbian Spruce,moderate,moderate,Sweet resinous spruce scent.,The foliage has a sweet resinous spruce scent.,"leaf,wood",notes:sentence
AAA1014,Picea orientalis,Oriental Spruce,moderate,moderate,Resinous spruce scent.,The foliage has a resinous spruce scent.,"leaf,wood",notes:sentence
AAA1015,Pieris floribunda,Mountain Andromeda,faint,light,Mild sweet lily-of-the-valley-like scent to some noses.,Mild sweet lily-of-the-valley-like scent to some noses.,flower,level:faint->light
AAA1016,Pieris japonica,Japanese Andromeda,faint,light,Light sweet scent reminiscent of lily-of-the-valley.,Light sweet scent reminiscent of lily-of-the-valley.,flower,level:faint->light
AAA1018,Pilosocereus pachycladus,Pilosocereus pachycladus,faint,light,Night-blooming flowers with subtle musky scent.,Night-blooming flowers with subtle musky scent.,flower,level:faint->light
AAA1019,Pimpinella anisum,Anise,strong,strong,Sweet licorice-like anethole aroma.,The foliage has a sweet licorice-like anethole aroma.,"leaf,seed",notes:sentence
AAA1021,Pinus banksiana,Jack Pine,moderate,moderate,Sweet resinous pine scent.,The foliage has a sweet resinous pine scent.,"leaf,wood",notes:sentence
AAA1022,Pinus bungeana,Lacebark Pine,moderate,moderate,Resinous pine scent.,The foliage has a resinous pine scent.,"leaf,wood",notes:sentence
AAA1023,Pinus densiflora,Japanese Red Pine,moderate,moderate,Sweet resinous pine scent.,The foliage has a sweet resinous pine scent.,"leaf,wood",notes:sentence
AAA1024,Pinus flexilis,Limber Pine,moderate,moderate,Sweet resinous pine scent.,The foliage has a sweet resinous pine scent.,"leaf,wood",notes:sentence
AAA1026,Pinus nigra,Black Pine,moderate,moderate,Resinous pine scent.,The foliage has a resinous pine scent.,"leaf,wood",notes:sentence
AAA1027,Pinus parviflora,Japanese White Pine,moderate,moderate,Sweet resinous pine scent.,The foliage has a sweet resinous pine scent.,"leaf,wood",notes:sentence
AAA1030,Pinus sylvestris,Scots Pine,moderate,moderate,Classic resinous pine scent.,The foliage has a classic resinous pine scent.,"leaf,wood",notes:sentence
AAA1031,Pinus thunbergii,Japanese Black Pine,moderate,moderate,Strong resinous pine scent.,The foliage has a strong resinous pine scent.,"leaf,wood",notes:sentence
AAA1032,Pinus torreyana,Torrey Pine,faint,light,Mild pine resinous scent.,The foliage has a mild pine resinous scent.,leaf,level:faint->light; notes:sentence
AAA1034,Pisum sativum,Common Pea,faint,light,"Mild sweet pea fragrance (stronger in sweet pea Lathyrus odoratus, an unrelated species).","Mild sweet pea fragrance (stronger in sweet pea Lathyrus odoratus, an unrelated species).",flower,level:faint->light
AAA1044,Plectranthus argentatus,Silver Spurflower,faint,light,Mild herbaceous scent from crushed leaves.,Mild herbaceous scent from crushed leaves.,leaf,level:faint->light
AAA1049,Podophyllum peltatum,Mayapple,faint,light,Flower has light musky-sweet scent.,Flower has light musky-sweet scent.,flower,level:faint->light
AAA1051,Polygonatum biflorum,Solomon's Seal,faint,light,Light sweet scent.,The flowers have a light sweet scent.,flower,level:faint->light; notes:sentence
AAA1054,Poncirus trifoliata,Trifoliate Orange,moderate,moderate,Sweet citrus-orange fragrance.,The flowers and ripe fruit have a sweet citrus-orange fragrance.,"flower,fruit",notes:sentence
AAA1056,Populus alba,White Poplar,faint,light,Resinous balsam scent from spring leaf buds.,Resinous balsam scent from spring leaf buds.,leaf,level:faint->light
AAA1058,Populus tremuloides,Quaking Aspen,faint,light,Resinous balsam scent from leaf buds in spring.,Resinous balsam scent from leaf buds in spring.,leaf,level:faint->light
AAA1066,Primula vulgaris,Primrose,faint,light,Delicate sweet scent.,The flowers have a delicate sweet scent.,flower,level:faint->light; notes:sentence
AAA1067,Prunus avium,Wild Cherry,moderate,moderate,Sweet spring blossom scent.,The flowers have a sweet spring blossom scent.,flower,notes:sentence
AAA1068,Prunus campanulata,Taiwan Cherry,faint,light,mild,The flowers have a mild scent.,flower,level:faint->light; notes:sentence
AAA1069,Prunus cerasus,Sour Cherry,moderate,moderate,Sweet blossom scent.,The flowers have a sweet blossom scent.,flower,notes:sentence
AAA1071,Prunus glandulosa,Flowering Almond,faint,light,mild almond,The flowers have a mild almond scent.,flower,level:faint->light; notes:sentence
AAA1072,Prunus incisa,Fuji Cherry,faint,light,mild,The flowers have a mild scent.,flower,level:faint->light; notes:sentence
AAA1076,Prunus sargentii,North Japanese Hill Cherry,faint,light,mild,The flowers have a mild scent.,flower,level:faint->light; notes:sentence
AAA1077,Prunus serrulata,Japanese Cherry,faint,light,Flowers mildly sweet; some cultivars almond-scented.,Flowers mildly sweet; some cultivars almond-scented.,flower,level:faint->light
AAA1078,Prunus subhirtella,Higan Cherry,faint,light,mild,The flowers have a mild scent.,flower,level:faint->light; notes:sentence
AAA1079,Prunus tomentosa,Nanking Cherry,faint,light,mild,The flowers have a mild scent.,flower,level:faint->light; notes:sentence
AAA1080,Prunus triloba,Flowering Plum,faint,light,mild almond,The flowers have a mild almond scent.,flower,level:faint->light; notes:sentence
AAA1081,Prunus x yedoensis,Korean Flowering Cherry,faint,light,Light almond-like scent from blossoms.,Light almond-like scent from blossoms.,flower,level:faint->light
AAA1082,Pueraria montana,Kudzu,moderate,moderate,Sweet grape-like scent.,The flowers have a sweet grape-like scent.,flower,notes:sentence
AAA1085,Punica granatum,Pomegranate,faint,light,Mild sweet blossom scent.,The flowers have a mild sweet blossom scent.,flower,level:faint->light; notes:sentence
AAA1086,Pyracantha coccinea,Scarlet Firethorn,faint,light,Light somewhat musky scent.,The flowers have a light somewhat musky scent.,flower,level:faint->light; notes:sentence
AAA1106,Ratibida columnifera,Upright Prairie Coneflower,faint,light,Anise-like scent when crushed.,The flowers have an anise-like scent when crushed scent.,flower,level:faint->light; notes:sentence
AAA1109,Rhamnus cathartica,Common Buckthorn,faint,light,Light sweet scent.,The flowers have a light sweet scent.,flower,level:faint->light; notes:sentence
AAA1115,Rhododendron augustinii,Augustine's Rhododendron,faint,light,Very light sweet scent.,The flowers have a very light sweet scent.,flower,level:faint->light; notes:sentence
AAA1116,Rhododendron austrinum,Orange Azalea,strong,strong,Rich honeysuckle-like sweet fragrance.,The flowers have a rich honeysuckle-like sweet fragrance.,flower,notes:sentence
AAA1119,Rhododendron macrophyllum,Pacific Rhododendron,faint,light,,Flowers may have a light sweet scent.,flower,level:faint->light; notes:filled
AAA1120,Rhododendron minus,Gorge Rhododendron,faint,light,Mild scent.,The flowers have a mild scent.,flower,level:faint->light; notes:sentence
AAA1121,Rhododendron ponticum,Pontic Rhododendron,faint,light,Light scent.,The flowers have a light scent.,flower,level:faint->light; notes:sentence
AAA1122,Rhododendron schlippenbachii,Royal Azalea,faint,light,Mild sweet scent.,The flowers have a mild sweet scent.,flower,level:faint->light; notes:sentence
AAA1123,Rhododendron yakushimanum,Rhododendron Degronianum,faint,light,Mild sweet scent.,The flowers have a mild sweet scent.,flower,level:faint->light; notes:sentence
AAA1127,Ribes rubrum,Red Currant,faint,light,Subtle herbal aroma from crushed leaves.,Subtle herbal aroma from crushed leaves.,leaf,level:faint->light
AAA1130,Robinia hispida,Bristly Locust,faint,light,mild sweet,The flowers have a mild sweet scent.,flower,level:faint->light; notes:sentence
AAA1131,Rodgersia aesculifolia,Chinese Rodgersia,faint,light,mild sweet,The flowers have a mild sweet scent.,flower,level:faint->light; notes:sentence
AAA1133,Rodgersia podophylla,Japanese Rodgersia,faint,light,Flowers lightly sweet-scented on warm days.,Flowers lightly sweet-scented on warm days.,flower,level:faint->light
AAA1134,Rodgersia sambucifolia,Rodgersia sambucifolia,faint,light,Flowers lightly sweet-scented.,The flowers have a lightly sweet-scented scent.,flower,level:faint->light; notes:sentence
AAA1135,Romneya coulteri,Coulter's Matilija Poppy,faint,light,Delicate sweet scent.,The flowers have a delicate sweet scent.,flower,level:faint->light; notes:sentence
AAA1136,Rosa 'About Face',About Face,moderate,moderate,Apple-spice scent.,The flowers have an apple-spice scent.,flower,notes:sentence
AAA1138,Rosa 'America',America,strong,strong,Strong spicy clove scent.,The flowers have a strong spicy clove scent.,flower,notes:sentence
AAA1140,Rosa 'At Last',At Last,strong,strong,Classic rich tea-rose fragrance.,The flowers have a classic rich tea-rose fragrance.,flower,notes:sentence
AAA1142,Rosa 'Baronne Prevost',Baronne Prevost,strong,strong,Powerful classic damask-rose fragrance.,The flowers have a powerful classic damask-rose fragrance.,flower,notes:sentence
AAA1143,Rosa 'Betty Boop',Betty Boop,moderate,light,Light sweet apple scent.,The flowers have a light sweet apple scent.,flower,level:moderate->light; notes:sentence
AAA1144,Rosa 'Blaze',Blaze,faint,light,Light scent.,The flowers have a light scent.,flower,level:faint->light; notes:sentence
AAA1145,Rosa 'Bonica',Bonica,faint,light,Light scent.,The flowers have a light scent.,flower,level:faint->light; notes:sentence
AAA1147,Rosa 'Brass Band',Brass Band,moderate,moderate,Sweet fruity scent.,The flowers have a sweet fruity scent.,flower,notes:sentence
AAA1148,Rosa 'Carefree Beauty',Carefree Beauty,moderate,moderate,Sweet tea-rose scent.,The flowers have a sweet tea-rose scent.,flower,notes:sentence
AAA1149,Rosa 'Carefree Wonder',Carefree Wonder,faint,light,Light scent.,The flowers have a light scent.,flower,level:faint->light; notes:sentence
AAA1150,Rosa 'Cecile Brunner',Cecile Brunner,moderate,moderate,Sweet tea-rose fragrance.,The flowers have a sweet tea-rose fragrance.,flower,notes:sentence
AAA1151,Rosa 'Cherish',Cherish,faint,light,Light tea scent.,The flowers have a light tea scent.,flower,level:faint->light; notes:sentence
AAA1152,Rosa 'Chrysler Imperial',Chrysler Imperial,strong,strong,Classic damask rose fragrance.,The flowers have a classic damask rose fragrance.,flower,notes:sentence
AAA1153,Rosa 'Cupcake',Cupcake,faint,light,Very light scent.,The flowers have a very light scent.,flower,level:faint->light; notes:sentence
AAA1154,Rosa 'Dainty Bess',Dainty Bess,moderate,light,Light clove-and-rose scent.,The flowers have a light clove-and-rose scent.,flower,level:moderate->light; notes:sentence
AAA1155,Rosa 'Don Juan',Don Juan,strong,strong,Strong damask fragrance.,The flowers have a strong damask fragrance.,flower,notes:sentence
AAA1156,Rosa 'Double Delight',Double Delight,strong,strong,Strong spicy damask scent.,The flowers have a strong spicy damask scent.,flower,notes:sentence
AAA1157,Rosa 'Double Knock Out',Double Knock Out,faint,light,Light scent.,The flowers have a light scent.,flower,level:faint->light; notes:sentence
AAA1158,Rosa 'Drift Coral',Drift Coral,faint,light,Light scent.,The flowers have a light scent.,flower,level:faint->light; notes:sentence
AAA1159,Rosa 'Drift Pink',Drift Pink,faint,light,Light scent.,The flowers have a light scent.,flower,level:faint->light; notes:sentence
AAA1160,Rosa 'Drift Red',Drift Red,faint,light,Light scent.,The flowers have a light scent.,flower,level:faint->light; notes:sentence
AAA1161,Rosa 'Easy Going',Easy Going,faint,light,Light fruity scent.,The flowers have a light fruity scent.,flower,level:faint->light; notes:sentence
AAA1162,Rosa 'Eden',Eden,moderate,light,Light old-rose fragrance.,The flowers have a light old-rose fragrance.,flower,level:moderate->light; notes:sentence
AAA1163,Rosa 'Elina',Elina,moderate,light,Light fresh tea scent.,The flowers have a light fresh tea scent.,flower,level:moderate->light; notes:sentence
AAA1164,Rosa 'Europeana',Europeana,faint,light,Light scent.,The flowers have a light scent.,flower,level:faint->light; notes:sentence
AAA1165,Rosa 'Flower Carpet Pink',Flower Carpet Pink,faint,light,Light scent.,The flowers have a light scent.,flower,level:faint->light; notes:sentence
AAA1166,Rosa 'Flower Carpet Red',Flower Carpet Red,faint,light,Light scent.,The flowers have a light scent.,flower,level:faint->light; notes:sentence
AAA1169,Rosa 'Garden Party',Garden Party,moderate,light,Light fruity scent.,The flowers have a light fruity scent.,flower,level:moderate->light; notes:sentence
AAA1170,Rosa 'Gertrude Jekyll',Gertrude Jekyll,strong,strong,Quintessential old-damask rose fragrance.,The flowers have a quintessential old-damask rose fragrance.,flower,notes:sentence
AAA1171,Rosa 'Gold Medal',Gold Medal,moderate,light,Light tea and fruit scent.,Light tea and fruit scent.,flower,level:moderate->light
AAA1173,Rosa 'Golden Showers',Golden Showers,moderate,moderate,Sweet tea-rose scent.,The flowers have a sweet tea-rose scent.,flower,notes:sentence
AAA1176,Rosa 'Home Run',Home Run,faint,light,Light scent.,The flowers have a light scent.,flower,level:faint->light; notes:sentence
AAA1178,Rosa 'Iceberg',Iceberg,faint,light,Light honey scent.,The flowers have a light honey scent.,flower,level:faint->light; notes:sentence
AAA1179,Rosa 'Ingrid Bergman',Ingrid Bergman,faint,light,Light tea-rose scent.,The flowers have a light tea-rose scent.,flower,level:faint->light; notes:sentence
AAA1180,Rosa 'John F. Kennedy',John F. Kennedy,strong,strong,Strong sweet tea-rose scent.,The flowers have a strong sweet tea-rose scent.,flower,notes:sentence
AAA1181,Rosa 'Joseph's Coat',Joseph's Coat,faint,light,Light tea scent.,The flowers have a light tea scent.,flower,level:faint->light; notes:sentence
AAA1183,Rosa 'Julia Child',Julia Child,strong,strong,Strong licorice-anise scent.,The flowers have a strong licorice-anise scent.,flower,notes:sentence
AAA1184,Rosa 'Just Joey',Just Joey,strong,strong,Strong fruity scent.,The flowers have a strong fruity scent.,flower,notes:sentence
AAA1185,Rosa 'Knock Out',Knock Out,faint,light,Light scent.,The flowers have a light scent.,flower,level:faint->light; notes:sentence
AAA1187,Rosa 'Louis Philippe',Louis Philippe,moderate,light,Light sweet China-rose scent.,The flowers have a light sweet China-rose scent.,flower,level:moderate->light; notes:sentence
AAA1188,Rosa 'Macy's Pride',Macy's Pride,faint,light,Light scent.,The flowers have a light scent.,flower,level:faint->light; notes:sentence
AAA1190,Rosa 'Marilyn Monroe',Marilyn Monroe,faint,light,Light tea-rose scent.,The flowers have a light tea-rose scent.,flower,level:faint->light; notes:sentence
AAA1192,Rosa 'Meidiland Red',Meidiland Red,faint,light,Light scent.,The flowers have a light scent.,flower,level:faint->light; notes:sentence
AAA1193,Rosa 'Mister Lincoln',Mister Lincoln,strong,strong,Rich damask rose scent.,The flowers have a rich damask rose scent.,flower,notes:sentence
AAA1195,Rosa 'Nearly Wild',Nearly Wild,faint,light,Light sweet scent.,The flowers have a light sweet scent.,flower,level:faint->light; notes:sentence
AAA1196,Rosa 'New Dawn',New Dawn,moderate,light,Light sweet apple scent.,The flowers have a light sweet apple scent.,flower,level:moderate->light; notes:sentence
AAA1197,Rosa 'Old Blush',Old Blush,moderate,light,Light sweet-pea scent.,The flowers have a light sweet-pea scent.,flower,level:moderate->light; notes:sentence
AAA1199,Rosa 'Olympiad',Olympiad,faint,light,Light tea-rose scent.,The flowers have a light tea-rose scent.,flower,level:faint->light; notes:sentence
AAA1200,Rosa 'Oso Easy Double Red',Oso Easy Double Red,faint,light,Light scent.,The flowers have a light scent.,flower,level:faint->light; notes:sentence
AAA1201,Rosa 'Pascali',Pascali,faint,light,Light fresh scent.,The flowers have a light fresh scent.,flower,level:faint->light; notes:sentence
AAA1202,Rosa 'Paul Shirville',Paul Shirville,strong,strong,Strong sweet honeyed fragrance.,The flowers have a strong sweet honeyed fragrance.,flower,notes:sentence
AAA1203,Rosa 'Peace',Peace,moderate,light,Light sweet fruity scent.,The flowers have a light sweet fruity scent.,flower,level:moderate->light; notes:sentence
AAA1204,Rosa 'Perfume Delight',Perfume Delight,strong,strong,Intense old-rose damask-spice scent.,The flowers have an intense old-rose damask-spice scent.,flower,notes:sentence
AAA1205,Rosa 'Pink Knock Out',Pink Knock Out,faint,light,Light scent.,The flowers have a light scent.,flower,level:faint->light; notes:sentence
AAA1206,Rosa 'Pink Promise',Pink Promise,moderate,light,Light old-rose scent.,The flowers have a light old-rose scent.,flower,level:moderate->light; notes:sentence
AAA1207,Rosa 'Playboy',Playboy,faint,light,Light tea scent.,The flowers have a light tea scent.,flower,level:faint->light; notes:sentence
AAA1208,Rosa 'Popcorn',Popcorn,faint,light,Light honey scent.,The flowers have a light honey scent.,flower,level:faint->light; notes:sentence
AAA1210,Rosa 'Queen Elizabeth',Queen Elizabeth,moderate,light,Light sweet tea-rose scent.,The flowers have a light sweet tea-rose scent.,flower,level:moderate->light; notes:sentence
AAA1211,Rosa 'Queen of Sweden',Queen of Sweden,moderate,light,Light myrrh and old-rose scent.,Light myrrh and old-rose scent.,flower,level:moderate->light
AAA1212,Rosa 'Rainbow Knock Out',Rainbow Knock Out,faint,light,Light scent.,The flowers have a light scent.,flower,level:faint->light; notes:sentence
AAA1213,Rosa 'Rainbow's End',Rainbow's End,faint,light,Very light scent.,The flowers have a very light scent.,flower,level:faint->light; notes:sentence
AAA1214,Rosa 'Sally Holmes',Sally Holmes,moderate,moderate,Sweet musky scent.,The flowers have a sweet musky scent.,flower,notes:sentence
AAA1215,Rosa 'Savoy Hotel',Savoy Hotel,moderate,light,Light sweet scent.,The flowers have a light sweet scent.,flower,level:moderate->light; notes:sentence
AAA1216,Rosa 'Scarlet Meidiland',Scarlet Meidiland,faint,light,Light scent.,The flowers have a light scent.,flower,level:faint->light; notes:sentence
AAA1218,Rosa 'Sexy Rexy',Sexy Rexy,faint,light,Light spicy scent.,The flowers have a light spicy scent.,flower,level:faint->light; notes:sentence
AAA1220,Rosa 'Showbiz',Showbiz,faint,light,Light scent.,The flowers have a light scent.,flower,level:faint->light; notes:sentence
AAA1221,Rosa 'Simplicity',Simplicity,faint,light,Light tea scent.,The flowers have a light tea scent.,flower,level:faint->light; notes:sentence
AAA1223,Rosa 'St. Patrick',St. Patrick,faint,light,Light tea-rose scent.,The flowers have a light tea-rose scent.,flower,level:faint->light; notes:sentence
AAA1224,Rosa 'Sterling Silver',Sterling Silver,strong,strong,Strong lemon-verbena citrus scent.,The flowers have a strong lemon-verbena citrus scent.,flower,notes:sentence
AAA1230,Rosa 'Tiffany',Tiffany,strong,strong,Strong sweet fruity scent.,The flowers have a strong sweet fruity scent.,flower,notes:sentence
AAA1231,Rosa 'Tournament of Roses',Tournament of Roses,faint,light,Light scent.,The flowers have a light scent.,flower,level:faint->light; notes:sentence
AAA1232,Rosa 'Tropicana',Tropicana,strong,strong,Strong fruity scent.,The flowers have a strong fruity scent.,flower,notes:sentence
AAA1233,Rosa 'Veterans Honor',Veterans Honor,moderate,light,Light raspberry scent.,The flowers have a light raspberry scent.,flower,level:moderate->light; notes:sentence
AAA1235,Rosa 'Zephirine Drouhin',Zephirine Drouhin,strong,strong,Powerful damask-raspberry fragrance.,The flowers have a powerful damask-raspberry fragrance.,flower,notes:sentence
AAA1241,Rosa glauca,Red-Leaved Rose,faint,light,Mild sweet fragrance.,The flowers have a mild sweet fragrance.,flower,level:faint->light; notes:sentence
AAA1244,Rosa virginiana,Virginian Rose,moderate,moderate,Sweet classic rose fragrance.,The flowers have a sweet classic rose fragrance.,flower,notes:sentence
AAA1245,Rosa wichuraiana,Memorial Rose,moderate,moderate,Sweet apple-like rose fragrance.,The flowers have a sweet apple-like rose fragrance.,flower,notes:sentence
AAA1247,Rubus armeniacus,Armenian Blackberry,moderate,moderate,"Sweet, honey-like scent.","The flowers have a sweet, honey-like scent.",flower,notes:sentence
AAA1250,Rubus occidentalis,Black Raspberry,faint,light,,Flowers are lightly scented; ripe fruit has a mild berry aroma.,"flower,fruit",level:faint->light; notes:filled
AAA1251,Rubus spectabilis,Salmonberry,faint,light,,"Flowers have a light, delicate scent.",flower,level:faint->light; notes:filled
AAA1254,Rudbeckia subtomentosa,Sweet Black-Eyed Susan,moderate,moderate,"anise, vanilla","The foliage has an anise, vanilla scent.",leaf,notes:sentence
AAA1261,Sabal minor,Dwarf Palmetto,faint,light,,"Flowers have a light, subtle scent.",flower,level:faint->light; notes:filled
AAA1269,Salvia azurea,Giant Blue Sage,moderate,moderate,Sage-like aromatic foliage.,The foliage has a sage-like aromatic foliage scent.,leaf,notes:sentence
AAA1271,Salvia coccinea,Tropical Sage,faint,light,Mild sage scent from crushed leaves.,Mild sage scent from crushed leaves.,leaf,level:faint->light
AAA1273,Salvia farinacea,Mealy Blue Sage,moderate,moderate,Sage-like aromatic foliage.,The foliage has a sage-like aromatic foliage scent.,leaf,notes:sentence
AAA1275,Salvia guaranitica,Anise-Scented Sage,moderate,light,Mild licorice-anise scent from crushed leaves.,Mild licorice-anise scent from crushed leaves.,leaf,level:moderate->light
AAA1276,Salvia leucantha,Mexican Bush Sage,faint,light,Mild herbaceous sage scent.,The foliage has a mild herbaceous sage scent.,leaf,level:faint->light; notes:sentence
AAA1278,Salvia lycioides,Canyon Sage,moderate,moderate,Aromatic sage-like foliage.,The foliage has an aromatic sage-like foliage scent.,leaf,notes:sentence
AAA1282,Salvia patens,Gentian Sage,faint,light,Mild herbaceous scent from crushed leaves.,Mild herbaceous scent from crushed leaves.,leaf,level:faint->light
AAA1283,Salvia pratensis,Meadow Sage,moderate,moderate,sage-like aromatic,The foliage has a sage-like aromatic scent.,leaf,notes:sentence
AAA1284,Salvia regla,Mountain Sage,faint,light,Sage-like herbal scent when leaves bruised.,Sage-like herbal scent when leaves bruised.,leaf,level:faint->light
AAA1285,Salvia sclarea,Clary,strong,strong,"herbaceous, musky, bittersweet","The flowers have a herbaceous, musky, bittersweet scent.","leaf,flower",notes:sentence
AAA1286,Salvia splendens,Scarlet Sage,faint,light,Mild herbal scent when leaves are crushed.,Mild herbal scent when leaves are crushed.,leaf,level:faint->light
AAA1287,Salvia texana,Texas Sage,moderate,moderate,Sage-like aromatic foliage.,The foliage has a sage-like aromatic foliage scent.,leaf,notes:sentence
AAA1288,Salvia verticillata,Whorled Clary,moderate,moderate,sage-like,The foliage has a sage-like scent.,leaf,notes:sentence
AAA1289,Salvia x sylvestris,Valencian Clary,moderate,moderate,sage-like aromatic,The foliage has a sage-like aromatic scent.,leaf,notes:sentence
AAA1292,Sambucus nigra 'Black Lace',Black Lace Elderberry,moderate,moderate,Classic elderflower scent.,The flowers have a classic elderflower scent.,flower,notes:sentence
AAA1293,Sansevieria cylindrica,African Spear,faint,light,"Flowers produce mild sweet scent, usually at night.","Flowers produce mild sweet scent, usually at night.",flower,level:faint->light
AAA1296,Sansevieria zeylanica,Dracaena,faint,light,Faint nocturnal sweet fragrance when flowering.,Faint nocturnal sweet fragrance when flowering.,flower,level:faint->light
AAA1300,Satureja hortensis,Summer Savory,strong,strong,Peppery thyme-oregano aroma.,The foliage has a peppery thyme-oregano aroma.,leaf,notes:sentence
AAA1307,Sciadopitys verticillata,Koyamaki,faint,light,Mild resinous scent when crushed.,Mild resinous scent when crushed.,leaf,level:faint->light
AAA1308,Scilla bifolia,Alpine Squill,faint,light,Flowers very lightly sweet-scented.,The flowers have a very lightly sweet-scented scent.,flower,level:faint->light; notes:sentence
AAA1309,Scilla mischtschenkoana,Mishchenko Squill,faint,light,mild honey-like,The flowers have a mild honey-like scent.,flower,level:faint->light; notes:sentence
AAA1310,Scilla siberica,Siberian Squill,faint,light,Flowers very lightly sweet-scented.,The flowers have a very lightly sweet-scented scent.,flower,level:faint->light; notes:sentence
AAA1315,Sedum spectabile,Butterfly Stonecrop,faint,light,Subtle honey scent attracts abundant pollinators.,Subtle honey scent attracts abundant pollinators.,flower,level:faint->light
AAA1327,Sequoia sempervirens,Coast Redwood,faint,light,Faint aromatic scent from crushed foliage and cut wood.,Faint aromatic scent from crushed foliage and cut wood.,"leaf,wood",level:faint->light
AAA1328,Sequoiadendron giganteum,Giant Sequoia,faint,light,Mild aromatic scent from crushed foliage.,Mild aromatic scent from crushed foliage.,"leaf,wood",level:faint->light
AAA1330,Serissa foetida,Snowrose,faint,light,Flowers faintly sweet; crushed leaves have an unpleasant smell.,Flowers faintly sweet; crushed leaves have an unpleasant smell.,flower,level:faint->light
AAA1334,Silybum marianum,Milk Thistle,faint,light,Light sweet scent.,The flowers have a light sweet scent.,flower,level:faint->light; notes:sentence
AAA1338,Solanum betaceum,Tamarillo,faint,light,Faint musky scent from flowers.,Faint musky scent from flowers.,flower,level:faint->light
AAA1340,Solanum crispum,Chilean Potato Vine,faint,light,Mild sweet scent.,The flowers have a mild sweet scent.,flower,level:faint->light; notes:sentence
AAA1345,Solidago canadensis,Canada Goldenrod,faint,light,Light honey-like scent attractive to late-season pollinators.,Light honey-like scent attractive to late-season pollinators.,flower,level:faint->light
AAA1346,Solidago rugosa,Common Wrinkle-Leaved Goldenrod,faint,light,Flowers mildly honey-sweet; foliage faintly anise-like when crushed.,Flowers mildly honey-sweet; foliage faintly anise-like when crushed.,"flower,leaf",level:faint->light
AAA1347,Solidago sphacelata,Autumn Goldenrod,faint,light,Flowers lightly honey-scented to pollinators; barely perceptible to humans.,Flowers lightly honey-scented to pollinators; barely perceptible to humans.,flower,level:faint->light
AAA1351,Sorbus alnifolia,Alder-Leaved Whitebeam,faint,light,Mild hawthorn-like scent.,The flowers have a mild hawthorn-like scent.,flower,level:faint->light; notes:sentence
AAA1352,Sorbus americana,American Mountain Ash,faint,light,Musky hawthorn-like scent.,The flowers have a musky hawthorn-like scent.,flower,level:faint->light; notes:sentence
AAA1355,Spathiphyllum wallisii,Peace Lily,faint,light,"Spathe emits a very faint sweet scent, most noticeable at close range.","Spathe emits a very faint sweet scent, most noticeable at close range.",flower,level:faint->light
AAA1357,Spiraea betulifolia,Birch-Leaved Spirea,faint,light,Flowers lightly honey-scented.,The flowers have a lightly honey-scented scent.,flower,level:faint->light; notes:sentence
AAA1358,Spiraea cantoniensis,Reeve's Spirea,faint,light,Flowers lightly honey-scented.,The flowers have a lightly honey-scented scent.,flower,level:faint->light; notes:sentence
AAA1360,Spiraea nipponica,Snowmound Spirea,faint,light,Mild sweet scent.,The flowers have a mild sweet scent.,flower,level:faint->light; notes:sentence
AAA1361,Spiraea prunifolia,Bridal-Wreath,faint,light,Flowers lightly honey-scented.,The flowers have a lightly honey-scented scent.,flower,level:faint->light; notes:sentence
AAA1362,Spiraea thunbergii,Thunberg's Meadowsweet,faint,light,Mild sweet scent.,The flowers have a mild sweet scent.,flower,level:faint->light; notes:sentence
AAA1363,Spiraea x bumalda,Japanese Spiraea,faint,light,Mild honey-like scent.,The flowers have a mild honey-like scent.,flower,level:faint->light; notes:sentence
AAA1364,Stachys byzantina,Woolly Hedgenettle,faint,light,mild herbaceous,The foliage has a mild herbaceous scent.,leaf,level:faint->light; notes:sentence
AAA1365,Stachys officinalis,Common Hedge-Nettle,faint,light,mild herbaceous,The foliage has a mild herbaceous scent.,leaf,level:faint->light; notes:sentence
AAA1368,Stevia rebaudiana,Stevia,faint,light,Subtle sweet-herbal aroma when crushed.,Subtle sweet-herbal aroma when crushed.,leaf,level:faint->light
AAA1369,Stewartia koreana,Japanese Stewartia,faint,light,mild,The flowers have a mild scent.,flower,level:faint->light; notes:sentence
AAA1370,Stewartia monadelpha,Tall Stewartia,faint,light,mild,The flowers have a mild scent.,flower,level:faint->light; notes:sentence
AAA1376,Styphnolobium japonicum,Japanese Pagoda Tree,faint,light,mild sweet,The flowers have a mild sweet scent.,flower,level:faint->light; notes:sentence
AAA1377,Styrax japonicus,Japanese Snowbell,moderate,light,"sweet, light","The flowers have a sweet, light scent.",flower,level:moderate->light; notes:sentence
AAA1378,Styrax obassia,Fragrant Snowbell,strong,strong,"sweet, intense","The flowers have a sweet, intense scent.",flower,notes:sentence
AAA1380,Symphoricarpos albus,Common Snowberry,faint,light,,"Flowers have a light, subtle scent.",flower,level:faint->light; notes:filled
AAA1381,Symphyotrichum ericoides,White Heath Aster,faint,light,Foliage faintly aromatic when brushed; flowers nearly scentless.,Foliage faintly aromatic when brushed; flowers nearly scentless.,leaf,level:faint->light
AAA1382,Symphyotrichum novae-angliae,New England Aster,faint,light,Light earthy-floral scent.,The flowers have a light earthy-floral scent.,flower,level:faint->light; notes:sentence
AAA1390,Tamarix ramosissima,Saltcedar,faint,light,Light sweet scent.,The flowers have a light sweet scent.,flower,level:faint->light; notes:sentence
AAA1391,Tanacetum parthenium,Feverfew,moderate,moderate,Bitter camphorous-citrus aroma.,The foliage has a bitter camphorous-citrus aroma.,leaf,notes:sentence
AAA1392,Taraxacum officinale,Common Dandelion,faint,light,Flowers lightly honey-scented.,The flowers have a lightly honey-scented scent.,flower,level:faint->light; notes:sentence
AAA1396,Tecoma alata,Tecoma alata,faint,light,,"Flowers have a light, subtle scent.",flower,level:faint->light; notes:filled
AAA1397,Tecoma stans,Yellow Trumpet Flower,faint,light,Light sweet scent.,The flowers have a light sweet scent.,flower,level:faint->light; notes:sentence
AAA1398,Tellima grandiflora,Fringe Cups,faint,light,Subtle fragrance at dusk.,"The flowers have a subtle fragrance, especially at dusk.",flower,level:faint->light; notes:sentence
AAA1399,Ternstroemia gymnanthera,Japanese Ternstroemia,moderate,moderate,Sweet honey-jasmine fragrance.,The flowers have a sweet honey-jasmine fragrance.,flower,notes:sentence
AAA1404,Thelesperma filifolium,Stiff Greenthread,faint,light,,Foliage has a light resinous scent when crushed.,leaf,level:faint->light; notes:filled
AAA1408,Thymophylla tenuiloba,Bristleleaf Pricklyleaf,faint,light,,Foliage has a light aromatic scent when crushed.,leaf,level:faint->light; notes:filled
AAA1410,Thymus pseudolanuginosus,Woolly Thyme,faint,light,Faint thyme scent compared to culinary thymes.,Faint thyme scent compared to culinary thymes.,leaf,level:faint->light
AAA1413,Thymus x citriodorus,Lemon Thyme,strong,strong,Strong lemon-thyme aroma.,The foliage has a strong lemon-thyme aroma.,leaf,notes:sentence
AAA1414,Tiarella cordifolia,Heartleaf Foamflower,faint,light,Flowers only lightly sweet-scented.,The flowers have an only lightly sweet-scented scent.,flower,level:faint->light; notes:sentence
AAA1418,Tilia americana,Basswood,strong,strong,honey-sweet,The flowers have a honey-sweet scent.,flower,notes:sentence
AAA1420,Tilia tomentosa,Silver Lime,strong,strong,"honey-sweet, intense","The flowers have a honey-sweet, intense scent.",flower,notes:sentence
AAA1422,Tillandsia usneoides,Spanish Moss,faint,light,Tiny flowers have a light sweet scent most noticeable at night.,Tiny flowers have a light sweet scent most noticeable at night.,flower,level:faint->light
AAA1423,Tithonia rotundifolia,Red Sunflower,faint,light,Slight resinous scent when foliage bruised.,Slight resinous scent when foliage bruised.,leaf,level:faint->light
AAA1432,Tragopogon porrifolius,Purple Salsify,faint,light,,"Flowers have a light, subtle scent.",flower,level:faint->light; notes:filled
AAA1433,Trifolium dubium,Lesser Hop Trefoil,faint,light,Flowers lightly honey-scented.,The flowers have a lightly honey-scented scent.,flower,level:faint->light; notes:sentence
AAA1435,Trifolium repens,White Clover,moderate,moderate,"Flowers sweetly honey-scented, a major bee plant.","The flowers have a sweetly honey-scented, a major bee plant scent.",flower,notes:sentence
AAA1436,Trillium cuneatum,Little Sweet Betsy,faint,light,"spicy, fruity","The flowers have a spicy, fruity scent.",flower,level:faint->light; notes:sentence
AAA1437,Trillium luteum,Yellow Wakerobin,moderate,moderate,"lemon, citrus","The flowers have a lemon, citrus scent.",flower,notes:sentence
AAA1438,Tropaeolum majus,Garden Nasturtium,faint,light,Slightly peppery scent; not notable floral fragrance.,Slightly peppery scent; not notable floral fragrance.,"flower,leaf",level:faint->light
AAA1439,Tropaeolum minus,Dwarf Nasturtium,faint,light,,"Flowers have a light, subtle scent.",flower,level:faint->light; notes:filled
AAA1441,Tsuga mertensiana,Mountain Hemlock,faint,light,Mild resinous conifer scent.,The foliage has a mild resinous conifer scent.,leaf,level:faint->light; notes:sentence
AAA1443,Tulipa clusiana,Lady Tulip,faint,light,mild,The flowers have a mild scent.,flower,level:faint->light; notes:sentence
AAA1444,Tulipa gesneriana,Garden Tulip,faint,light,Most modern tulips are only lightly scented; some heirloom cultivars (particularly Double Early types) retain stronger fragrance.,Most modern tulips are only lightly scented; some heirloom cultivars (particularly Double Early types) retain stronger fragrance.,flower,level:faint->light
AAA1445,Tulipa greigii,Tulipa greigii,faint,light,mild,The flowers have a mild scent.,flower,level:faint->light; notes:sentence
AAA1446,Tulipa kaufmanniana,Waterlily Tulip,faint,light,mild,The flowers have a mild scent.,flower,level:faint->light; notes:sentence
AAA1447,Tulipa tarda,Late Tulip,faint,light,mild sweet,The flowers have a mild sweet scent.,flower,level:faint->light; notes:sentence
AAA1448,Tussilago farfara,Colt's-Foot,faint,light,Light honey scent.,The flowers have a light honey scent.,flower,level:faint->light; notes:sentence
AAA1456,Vaccinium corymbosum,Northern Highbush Blueberry,faint,light,Subtle honey aroma when in bloom.,Subtle honey aroma when in bloom.,flower,level:faint->light
AAA1460,Vanda coerulea,Blue Vanda,faint,light,Very faint or no fragrance.,Very faint or no fragrance.,flower,level:faint->light
AAA1461,Verbascum thapsus,Great Mullein,faint,light,Light honey scent.,The flowers have a light honey scent.,flower,level:faint->light; notes:sentence
AAA1462,Verbena bonariensis,Purpletop Vervain,faint,light,,"Flowers have a light, subtle scent.",flower,level:faint->light; notes:filled
AAA1463,Verbena canadensis,Rose Vervain,faint,light,,"Flowers have a light, subtle scent.",flower,level:faint->light; notes:filled
AAA1464,Verbena officinalis,Common Vervain,faint,light,Mild subtle aroma.,The foliage has a mild subtle aroma.,leaf,level:faint->light; notes:sentence
AAA1465,Verbena rigida,Slender Vervain,faint,light,,"Flowers have a light, subtle scent.",flower,level:faint->light; notes:filled
AAA1466,Verbena x hybrida,Verbena x hybrida,faint,light,,"Flowers have a light, subtle scent.",flower,level:faint->light; notes:filled
AAA1474,Viburnum dentatum,Southern Arrowwood,faint,light,Flowers very lightly sweet-scented; some describe as slightly musky.,Flowers very lightly sweet-scented; some describe as slightly musky.,flower,level:faint->light
AAA1477,Viburnum nudum,Southern Wild Raisin,faint,light,Flowers very lightly scented.,The flowers have a very lightly scented scent.,flower,level:faint->light; notes:sentence
AAA1478,Viburnum opulus,Guelder-Rose,faint,light,"Light, slightly musky scent from flowers.","Light, slightly musky scent from flowers.",flower,level:faint->light
AAA1480,Viburnum rhytidophyllum,Leatherleaf Viburnum,faint,light,Mild scent (some find unpleasantly musky).,Mild scent (some find unpleasantly musky).,flower,level:faint->light
AAA1481,Viburnum tinus,Laurustinus Viburnum,faint,light,"Light, slightly musky scent.","The flowers have a light, slightly musky scent.",flower,level:faint->light; notes:sentence
AAA1482,Viburnum trilobum,American Cranberrybush,faint,light,Flowers very lightly scented.,The flowers have a very lightly scented scent.,flower,level:faint->light; notes:sentence
AAA1488,Viola 'Molly Sanderson',Black Viola,faint,light,Light classic violet scent.,The flowers have a light classic violet scent.,flower,level:faint->light; notes:sentence
AAA1489,Viola cornuta,Horned Pansy,faint,light,,"Flowers have a light, sweet violet-like scent.",flower,level:faint->light; notes:filled
AAA1491,Viola sororia,Common Blue Violet,faint,light,,Flowers have a light violet scent.,flower,level:faint->light; notes:filled
AAA1492,Viola tricolor,Wild Pansy,faint,light,Delicate scent detectable up close.,Delicate scent detectable up close.,flower,level:faint->light
AAA1493,Viola x wittrockiana,Garden Pansy,faint,light,"Light sweet scent, stronger in cool morning air.","Light sweet scent, stronger in cool morning air.",flower,level:faint->light
AAA1494,Vitex agnus-castus,Lilac Chaste Tree,moderate,moderate,"spicy, herbaceous","The flowers have a spicy, herbaceous scent.","leaf,flower",notes:sentence
AAA1500,Weigela middendorffiana,Weigela middendorffiana,faint,light,Flowers very lightly sweet-scented.,The flowers have a very lightly sweet-scented scent.,flower,level:faint->light; notes:sentence
AAA1501,Weigela praecox,Old Fashioned Weigela,faint,light,Mild sweet scent.,The flowers have a mild sweet scent.,flower,level:faint->light; notes:sentence
AAA1502,Weigela subsessilis,Korean Weigela,faint,light,Flowers lightly scented.,The flowers have a lightly scented scent.,flower,level:faint->light; notes:sentence
AAA1507,Xerochrysum bracteatum,Golden Everlasting,faint,light,,"Flowers have little scent, at most lightly sweet up close.",flower,level:faint->light; notes:filled
AAA1508,Xerophyllum tenax,Common Beargrass,faint,light,,"Flowers have a light, subtle scent.",flower,level:faint->light; notes:filled
AAA1509,Yucca elephantipes,Spineless Yucca,faint,light,Flowers have a light sweet scent.,Flowers have a light sweet scent.,flower,level:faint->light
AAA1511,Zantedeschia aethiopica,Calla Lily,faint,light,Light sweet scent.,The flowers have a light sweet scent.,flower,level:faint->light; notes:sentence
