priority,id,scientific_name,subject,current_level,results,source_statuses,recommendation,evidence,current_notes_en
P0,AAA0075,Allium tuberosum,human,0,conflict_possible_false_safe,toxic,Review: source indicates toxic while YardMate level is 0.,NC State toxic (conflict_possible_false_safe),"All Allium species (onion, garlic, chives) toxic to dogs and cats per ASPCA—cause Heinz-body anemia."
P0,AAA0090,Aloysia citriodora,dog,0,not_checked; conflict_possible_false_safe,no_match; toxic,Review: source indicates toxic while YardMate level is 0.,"ASPCA no_match (none, not_checked); NC State toxic (conflict_possible_false_safe)",Generally regarded as safe.
P0,AAA0382,Crassula perforata,human,0,conflict_possible_false_safe,toxic,Review: source indicates toxic while YardMate level is 0.,NC State toxic (conflict_possible_false_safe),ASPCA lists Crassula genus as toxic to pets.
P0,AAA0437,Dianthus barbatus,human,0,conflict_possible_false_safe,toxic,Review: source indicates toxic while YardMate level is 0.,NC State toxic (conflict_possible_false_safe),Same Dianthus mild toxicity.
P0,AAA0439,Dianthus chinensis,human,0,conflict_possible_false_safe,toxic,Review: source indicates toxic while YardMate level is 0.,NC State toxic (conflict_possible_false_safe),ASPCA lists Dianthus as mildly toxic to dogs and cats.
P0,AAA0440,Dianthus deltoides,human,0,conflict_possible_false_safe,toxic,Review: source indicates toxic while YardMate level is 0.,NC State toxic (conflict_possible_false_safe),ASPCA lists Dianthus as mildly toxic to dogs and cats.
P0,AAA0441,Dianthus gratianopolitanus,human,0,conflict_possible_false_safe,toxic,Review: source indicates toxic while YardMate level is 0.,NC State toxic (conflict_possible_false_safe),ASPCA lists Dianthus as toxic to dogs and cats with mild symptoms.
P0,AAA0462,Dracaena sanderiana,human,0,conflict_possible_false_safe,toxic,Review: source indicates toxic while YardMate level is 0.,NC State toxic (conflict_possible_false_safe),ASPCA lists all Dracaena as toxic to dogs and cats.
P0,AAA0742,Leucanthemum vulgare,cat,0,not_checked; conflict_possible_false_safe,no_match; toxic,Review: source indicates toxic while YardMate level is 0.,"ASPCA no_match (none, not_checked); NC State toxic (conflict_possible_false_safe)",Not listed by ASPCA.
P0,AAA0742,Leucanthemum vulgare,dog,0,not_checked; conflict_possible_false_safe,no_match; toxic,Review: source indicates toxic while YardMate level is 0.,"ASPCA no_match (none, not_checked); NC State toxic (conflict_possible_false_safe)",Not listed by ASPCA.
P0,AAA0886,Nepeta cataria,cat,0,conflict_possible_false_safe; conflict_possible_false_safe,toxic; toxic,Strongly review: multiple sources indicate toxic while YardMate level is 0.,"ASPCA toxic (exact, conflict_possible_false_safe); NC State toxic (conflict_possible_false_safe)","Safe for cats; the behavioral response is a receptor effect, not toxicity. Effective mosquito repellent."
P0,AAA0926,Pachira aquatica,cat,0,aligned; conflict_possible_false_safe,non_toxic; toxic,Review: source indicates toxic while YardMate level is 0.,"ASPCA non_toxic (exact, aligned); NC State toxic (conflict_possible_false_safe)",Sometimes confused with the true Money Plant (Pothos); the trees are unrelated.
P0,AAA1387,Tagetes erecta,human,0,conflict_possible_false_safe,toxic,Review: source indicates toxic while YardMate level is 0.,NC State toxic (conflict_possible_false_safe),Best known as a companion plant that deters soil nematodes; mild topical irritation only.
P0,AAA1438,Tropaeolum majus,cat,0,aligned; conflict_possible_false_safe,non_toxic; toxic,Review: source indicates toxic while YardMate level is 0.,"ASPCA non_toxic (exact, aligned); NC State toxic (conflict_possible_false_safe)",Not listed as toxic by ASPCA. Edible and widely used in culinary applications.
P0,AAA1438,Tropaeolum majus,dog,0,aligned; conflict_possible_false_safe,non_toxic; toxic,Review: source indicates toxic while YardMate level is 0.,"ASPCA non_toxic (exact, aligned); NC State toxic (conflict_possible_false_safe)",Not listed as toxic by ASPCA. Edible and widely used in culinary applications.
P1,AAA0296,Centaurea solstitialis,cat,1,conflict_possible_overwarning; conflict_possible_overwarning,non_toxic; non_toxic,Review possible overwarning: source indicates non-toxic but YardMate level is above 0.,"ASPCA non_toxic (exact, conflict_possible_overwarning); NC State non_toxic (conflict_possible_overwarning)",Chronic ingestion causes fatal neurological disease in horses; other livestock less affected.
P1,AAA0296,Centaurea solstitialis,dog,1,conflict_possible_overwarning; conflict_possible_overwarning,non_toxic; non_toxic,Review possible overwarning: source indicates non-toxic but YardMate level is above 0.,"ASPCA non_toxic (exact, conflict_possible_overwarning); NC State non_toxic (conflict_possible_overwarning)",Chronic ingestion causes fatal neurological disease in horses; other livestock less affected.
P1,AAA0481,Echinopsis oxygona,cat,1,not_checked; conflict_possible_overwarning,no_match; non_toxic,Review possible overwarning: source indicates non-toxic but YardMate level is above 0.,"ASPCA no_match (none, not_checked); NC State non_toxic (conflict_possible_overwarning)",Not chemically toxic; spines pose mechanical injury risk.
P1,AAA0481,Echinopsis oxygona,dog,1,not_checked; conflict_possible_overwarning,no_match; non_toxic,Review possible overwarning: source indicates non-toxic but YardMate level is above 0.,"ASPCA no_match (none, not_checked); NC State non_toxic (conflict_possible_overwarning)",Not chemically toxic; spines pose mechanical injury risk.
P1,AAA0482,Eichhornia crassipes,cat,1,conflict_possible_overwarning; not_checked,non_toxic; no_match,Review possible overwarning: source indicates non-toxic but YardMate level is above 0.,"ASPCA non_toxic (exact, conflict_possible_overwarning); NC State no_match (not_checked)",Not prominently listed by ASPCA. Environmental rather than pet toxicity concern.
P1,AAA0482,Eichhornia crassipes,dog,1,conflict_possible_overwarning; not_checked,non_toxic; no_match,Review possible overwarning: source indicates non-toxic but YardMate level is above 0.,"ASPCA non_toxic (exact, conflict_possible_overwarning); NC State no_match (not_checked)",Not prominently listed by ASPCA. Environmental rather than pet toxicity concern.
P1,AAA0529,Fatsia japonica,cat,1,conflict_possible_overwarning; conflict_possible_overwarning,non_toxic; non_toxic,Review possible overwarning: source indicates non-toxic but YardMate level is above 0.,"ASPCA non_toxic (exact, conflict_possible_overwarning); NC State non_toxic (conflict_possible_overwarning)",Not prominently listed by ASPCA; low-level saponin toxicity reported.
P1,AAA0529,Fatsia japonica,dog,1,conflict_possible_overwarning; conflict_possible_overwarning,non_toxic; non_toxic,Review possible overwarning: source indicates non-toxic but YardMate level is above 0.,"ASPCA non_toxic (exact, conflict_possible_overwarning); NC State non_toxic (conflict_possible_overwarning)",Not prominently listed by ASPCA; low-level saponin toxicity reported.
P1,AAA0615,Hemerocallis minor,dog,1,conflict_possible_overwarning; conflict_possible_overwarning,non_toxic; non_toxic,Review possible overwarning: source indicates non-toxic but YardMate level is above 0.,"ASPCA non_toxic (genus, conflict_possible_overwarning); NC State non_toxic (conflict_possible_overwarning)",All Hemerocallis species are severely nephrotoxic to cats per ASPCA.
P1,AAA0629,Hibiscus syriacus,cat,1,conflict_possible_overwarning; conflict_possible_overwarning,non_toxic; non_toxic,Review possible overwarning: source indicates non-toxic but YardMate level is above 0.,"ASPCA non_toxic (exact, conflict_possible_overwarning); NC State non_toxic (conflict_possible_overwarning)",ASPCA specifically lists H. syriacus as toxic to dogs; toxicity relatively mild.
P1,AAA0629,Hibiscus syriacus,dog,2,conflict_possible_overwarning; conflict_possible_overwarning,non_toxic; non_toxic,Review severity: source indicates non-toxic but YardMate has moderate/severe warning.,"ASPCA non_toxic (exact, conflict_possible_overwarning); NC State non_toxic (conflict_possible_overwarning)",ASPCA specifically lists H. syriacus as toxic to dogs; toxicity relatively mild.
P1,AAA0678,Ipomoea aquatica,cat,0,conflict_possible_false_safe; not_checked,toxic; no_match,Review: source indicates toxic while YardMate level is 0.,"ASPCA toxic (genus, conflict_possible_false_safe); NC State no_match (not_checked)",Edible leafy vegetable; non-toxic.
P1,AAA0678,Ipomoea aquatica,dog,0,conflict_possible_false_safe; not_checked,toxic; no_match,Review: source indicates toxic while YardMate level is 0.,"ASPCA toxic (genus, conflict_possible_false_safe); NC State no_match (not_checked)",Edible leafy vegetable; non-toxic.
P1,AAA0762,Lilium lancifolium,dog,1,conflict_possible_overwarning; conflict_possible_overwarning,non_toxic; non_toxic,Review possible overwarning: source indicates non-toxic but YardMate level is above 0.,"ASPCA non_toxic (genus, conflict_possible_overwarning); NC State non_toxic (conflict_possible_overwarning)",ASPCA: severely nephrotoxic to cats. Bulbs edible for humans when cooked.
P1,AAA0763,Lilium longiflorum,dog,1,conflict_possible_overwarning; conflict_possible_overwarning,non_toxic; non_toxic,Review possible overwarning: source indicates non-toxic but YardMate level is above 0.,"ASPCA non_toxic (exact, conflict_possible_overwarning); NC State non_toxic (conflict_possible_overwarning)",One of the most dangerous common houseplants for cats; the specific toxin is still unidentified as of 2025. Dogs are not significantly affected.
P1,AAA0765,Lilium orientalis,dog,1,conflict_possible_overwarning; not_checked,non_toxic; no_match,Review possible overwarning: source indicates non-toxic but YardMate level is above 0.,"ASPCA non_toxic (exact, conflict_possible_overwarning); NC State no_match (not_checked)",All true Lilium species are deadly to cats; keep entirely out of households with cats.
P1,AAA0767,Lilium speciosum,dog,1,conflict_possible_overwarning; conflict_possible_overwarning,non_toxic; non_toxic,Review possible overwarning: source indicates non-toxic but YardMate level is above 0.,"ASPCA non_toxic (exact, conflict_possible_overwarning); NC State non_toxic (conflict_possible_overwarning)",ASPCA: severely nephrotoxic to cats.
P1,AAA0858,Morus alba,cat,1,conflict_possible_overwarning; conflict_possible_overwarning,non_toxic; non_toxic,Review possible overwarning: source indicates non-toxic but YardMate level is above 0.,"ASPCA non_toxic (genus, conflict_possible_overwarning); NC State non_toxic (conflict_possible_overwarning)",Ripe fruit safe and nutritious; unripe fruit and sap mildly hallucinogenic.
P1,AAA0858,Morus alba,dog,1,conflict_possible_overwarning; conflict_possible_overwarning,non_toxic; non_toxic,Review possible overwarning: source indicates non-toxic but YardMate level is above 0.,"ASPCA non_toxic (genus, conflict_possible_overwarning); NC State non_toxic (conflict_possible_overwarning)",Ripe fruit safe and nutritious; unripe fruit and sap mildly hallucinogenic.
P1,AAA0864,Muscari armeniacum,cat,1,conflict_possible_overwarning; conflict_possible_overwarning,non_toxic; non_toxic,Review possible overwarning: source indicates non-toxic but YardMate level is above 0.,"ASPCA non_toxic (exact, conflict_possible_overwarning); NC State non_toxic (conflict_possible_overwarning)",Bulb ingestion may cause GI upset; not ASPCA-listed as high-risk.
P1,AAA0864,Muscari armeniacum,dog,1,conflict_possible_overwarning; conflict_possible_overwarning,non_toxic; non_toxic,Review possible overwarning: source indicates non-toxic but YardMate level is above 0.,"ASPCA non_toxic (exact, conflict_possible_overwarning); NC State non_toxic (conflict_possible_overwarning)",Bulb ingestion may cause GI upset; not ASPCA-listed as high-risk.
P1,AAA0912,Opuntia microdasys,cat,1,conflict_possible_overwarning; conflict_possible_overwarning,non_toxic; non_toxic,Review possible overwarning: source indicates non-toxic but YardMate level is above 0.,"ASPCA non_toxic (genus, conflict_possible_overwarning); NC State non_toxic (conflict_possible_overwarning)",ASPCA lists Opuntia as non-toxic chemically; primary hazard is glochid injury.
P1,AAA0912,Opuntia microdasys,dog,1,conflict_possible_overwarning; conflict_possible_overwarning,non_toxic; non_toxic,Review possible overwarning: source indicates non-toxic but YardMate level is above 0.,"ASPCA non_toxic (genus, conflict_possible_overwarning); NC State non_toxic (conflict_possible_overwarning)",ASPCA lists Opuntia as non-toxic chemically; primary hazard is glochid injury.
P1,AAA1036,Pittosporum tobira,cat,1,conflict_possible_overwarning; conflict_possible_overwarning,non_toxic; non_toxic,Review possible overwarning: source indicates non-toxic but YardMate level is above 0.,"ASPCA non_toxic (exact, conflict_possible_overwarning); NC State non_toxic (conflict_possible_overwarning)",Not prominently listed by ASPCA. Low-level toxicity.
P1,AAA1036,Pittosporum tobira,dog,1,conflict_possible_overwarning; conflict_possible_overwarning,non_toxic; non_toxic,Review possible overwarning: source indicates non-toxic but YardMate level is above 0.,"ASPCA non_toxic (exact, conflict_possible_overwarning); NC State non_toxic (conflict_possible_overwarning)",Not prominently listed by ASPCA. Low-level toxicity.
P1,AAA1246,Rosmarinus officinalis,cat,1,conflict_possible_overwarning; not_checked,non_toxic; no_match,Review possible overwarning: source indicates non-toxic but YardMate level is above 0.,"ASPCA non_toxic (exact, conflict_possible_overwarning); NC State no_match (not_checked)",Leaf and moderate essential oil use safe. Concentrated oils hazardous to cats; seizures in very high doses reported in humans.
P1,AAA1281,Salvia officinalis,cat,1,conflict_possible_overwarning; conflict_possible_overwarning,non_toxic; non_toxic,Review possible overwarning: source indicates non-toxic but YardMate level is above 0.,"ASPCA non_toxic (exact, conflict_possible_overwarning); NC State non_toxic (conflict_possible_overwarning)",Generally safe in culinary use. Thujone content means avoid long-term high-dose tea use during pregnancy.
P1,AAA1300,Satureja hortensis,cat,1,conflict_possible_overwarning; conflict_possible_overwarning,non_toxic; non_toxic,Review possible overwarning: source indicates non-toxic but YardMate level is above 0.,"ASPCA non_toxic (exact, conflict_possible_overwarning); NC State non_toxic (conflict_possible_overwarning)",Generally regarded as safe in culinary amounts.
P1,AAA1367,Stephanotis floribunda,cat,2,conflict_possible_overwarning; conflict_possible_overwarning,non_toxic; non_toxic,Review severity: source indicates non-toxic but YardMate has moderate/severe warning.,"ASPCA non_toxic (exact, conflict_possible_overwarning); NC State non_toxic (conflict_possible_overwarning)",Not individually ASPCA-listed; assessment based on milkweed-family (Apocynaceae) toxicology.
P1,AAA1367,Stephanotis floribunda,dog,2,conflict_possible_overwarning; conflict_possible_overwarning,non_toxic; non_toxic,Review severity: source indicates non-toxic but YardMate has moderate/severe warning.,"ASPCA non_toxic (exact, conflict_possible_overwarning); NC State non_toxic (conflict_possible_overwarning)",Not individually ASPCA-listed; assessment based on milkweed-family (Apocynaceae) toxicology.
P1,AAA1412,Thymus vulgaris,cat,1,conflict_possible_overwarning; conflict_possible_overwarning,non_toxic; non_toxic,Review possible overwarning: source indicates non-toxic but YardMate level is above 0.,"ASPCA non_toxic (exact, conflict_possible_overwarning); NC State non_toxic (conflict_possible_overwarning)",Generally safe in culinary use; concentrated essential oil hazardous to pets and requires dilution for topical use.
P1,AAA1428,Toxicodendron radicans,cat,1,conflict_possible_overwarning; conflict_possible_overwarning,non_toxic; non_toxic,Review possible overwarning: source indicates non-toxic but YardMate level is above 0.,"ASPCA non_toxic (genus, conflict_possible_overwarning); NC State non_toxic (conflict_possible_overwarning)",Urushiol causes dermatitis in most humans; pets rarely react but transfer oil on fur. Never burn.
P1,AAA1428,Toxicodendron radicans,dog,1,conflict_possible_overwarning; conflict_possible_overwarning,non_toxic; non_toxic,Review possible overwarning: source indicates non-toxic but YardMate level is above 0.,"ASPCA non_toxic (genus, conflict_possible_overwarning); NC State non_toxic (conflict_possible_overwarning)",Urushiol causes dermatitis in most humans; pets rarely react but transfer oil on fur. Never burn.
P1,AAA1429,Trachelospermum jasminoides,cat,2,conflict_possible_overwarning; conflict_possible_overwarning,non_toxic; non_toxic,Review severity: source indicates non-toxic but YardMate has moderate/severe warning.,"ASPCA non_toxic (exact, conflict_possible_overwarning); NC State non_toxic (conflict_possible_overwarning)","Not specifically listed by ASPCA but belongs to the toxic Apocynaceae family (same as oleander, dogbane)."
P1,AAA1429,Trachelospermum jasminoides,dog,2,conflict_possible_overwarning; conflict_possible_overwarning,non_toxic; non_toxic,Review severity: source indicates non-toxic but YardMate has moderate/severe warning.,"ASPCA non_toxic (exact, conflict_possible_overwarning); NC State non_toxic (conflict_possible_overwarning)","Not specifically listed by ASPCA but belongs to the toxic Apocynaceae family (same as oleander, dogbane)."
P2,AAA0020,Acer rubrum,horse,,horse_toxic_source_only,toxic,"Consider note: NC State flags horse toxicity, but YardMate schema has no horse target.",NC State https://plants.ces.ncsu.edu/plants/acer-rubrum/,"ASPCA lists Acer rubrum as highly toxic to horses (wilted/dried leaves). Not toxic to dogs, cats, or humans."
P2,AAA0024,Achillea millefolium,horse,,horse_toxic_source_only,toxic,"Consider note: NC State flags horse toxicity, but YardMate schema has no horse target.",NC State https://plants.ces.ncsu.edu/plants/achillea-millefolium/,"ASPCA lists Achillea as toxic to dogs, cats, horses."
P2,AAA0032,Adenium obesum,horse,,horse_toxic_source_only,toxic,"Consider note: NC State flags horse toxicity, but YardMate schema has no horse target.",NC State https://plants.ces.ncsu.edu/plants/adenium-obesum/,Extremely toxic sap; always wash hands after handling and keep away from pets and children.
P2,AAA0036,Aesculus flava,horse,,horse_toxic_source_only,toxic,"Consider note: NC State flags horse toxicity, but YardMate schema has no horse target.",NC State https://plants.ces.ncsu.edu/plants/aesculus-flava/,ASPCA lists Aesculus as toxic to pets.
P2,AAA0037,Aesculus glabra,horse,,horse_toxic_source_only,toxic,"Consider note: NC State flags horse toxicity, but YardMate schema has no horse target.",NC State https://plants.ces.ncsu.edu/plants/aesculus-glabra/,ASPCA lists Aesculus as toxic to pets. Historical Indigenous use required careful leaching.
P2,AAA0038,Aesculus pavia,horse,,horse_toxic_source_only,toxic,"Consider note: NC State flags horse toxicity, but YardMate schema has no horse target.",NC State https://plants.ces.ncsu.edu/plants/aesculus-pavia/,ASPCA lists Aesculus as toxic to pets.
P2,AAA0039,Agarista populifolia,horse,,horse_toxic_source_only,toxic,"Consider note: NC State flags horse toxicity, but YardMate schema has no horse target.",NC State https://plants.ces.ncsu.edu/plants/agarista-populifolia/,Ericaceae family toxicity; avoid ingestion.
P2,AAA0066,Allium cepa,horse,,horse_toxic_source_only,toxic,"Consider note: NC State flags horse toxicity, but YardMate schema has no horse target.",NC State https://plants.ces.ncsu.edu/plants/allium-cepa/,ASPCA lists all Allium species as toxic to dogs and cats at dose-dependent levels. Any onion-containing table food is a pet hazard.
P2,AAA0071,Allium sativum,horse,,horse_toxic_source_only,toxic,"Consider note: NC State flags horse toxicity, but YardMate schema has no horse target.",NC State https://plants.ces.ncsu.edu/plants/allium-sativum/,ASPCA lists all Allium species as toxic to dogs and cats; garlic more toxic per gram than onion.
P2,AAA0072,Allium schoenoprasum,horse,,horse_toxic_source_only,toxic,"Consider note: NC State flags horse toxicity, but YardMate schema has no horse target.",NC State https://plants.ces.ncsu.edu/plants/allium-schoenoprasum/,ASPCA lists all Allium species as toxic to dogs and cats. Keep culinary scraps away from pets.
P2,AAA0089,Aloe vera,horse,,horse_toxic_source_only,toxic,"Consider note: NC State flags horse toxicity, but YardMate schema has no horse target.",NC State https://plants.ces.ncsu.edu/plants/aloe-vera/,Toxicity is concentrated in the yellow sap (latex) under the skin of the leaf; the inner clear gel is minimally toxic and is the part used medicinally and in food.
P2,AAA0090,Aloysia citriodora,horse,,horse_toxic_source_only,toxic,"Consider note: NC State flags horse toxicity, but YardMate schema has no horse target.",NC State https://plants.ces.ncsu.edu/plants/aloysia-citriodora/,Generally regarded as safe.
P2,AAA0093,Alstroemeria ligtu,cat,1,conflict_possible_overwarning; not_checked,non_toxic; no_match,Review possible overwarning: source indicates non-toxic but YardMate level is above 0.,"ASPCA non_toxic (genus, conflict_possible_overwarning); NC State no_match (not_checked)",Sap can cause contact dermatitis in florists; generally low toxicity to pets.
P2,AAA0093,Alstroemeria ligtu,dog,1,conflict_possible_overwarning; not_checked,non_toxic; no_match,Review possible overwarning: source indicates non-toxic but YardMate level is above 0.,"ASPCA non_toxic (genus, conflict_possible_overwarning); NC State no_match (not_checked)",Sap can cause contact dermatitis in florists; generally low toxicity to pets.
P2,AAA0097,Amaranthus retroflexus,horse,,horse_toxic_source_only,toxic,"Consider note: NC State flags horse toxicity, but YardMate schema has no horse target.",NC State https://plants.ces.ncsu.edu/plants/amaranthus-retroflexus/,Edible as cooked leafy green in moderation. Livestock fed heavy pigweed hay can develop nitrate poisoning.
P2,AAA0104,Ammi majus,horse,,horse_toxic_source_only,toxic,"Consider note: NC State flags horse toxicity, but YardMate schema has no horse target.",NC State https://plants.ces.ncsu.edu/plants/ammi-majus/,Sap plus UV light causes severe blistering; wear gloves when handling.
P2,AAA0136,Arctotis stoechadifolia,cat,,review_current_unknown; review_current_unknown,non_toxic; non_toxic,Review: YardMate level is null while source has a signal.,"ASPCA non_toxic (exact, review_current_unknown); NC State non_toxic (review_current_unknown)",Not listed by ASPCA; no significant toxicity reported.
P2,AAA0136,Arctotis stoechadifolia,dog,,review_current_unknown; review_current_unknown,non_toxic; non_toxic,Review: YardMate level is null while source has a signal.,"ASPCA non_toxic (exact, review_current_unknown); NC State non_toxic (review_current_unknown)",Not listed by ASPCA; no significant toxicity reported.
P2,AAA0142,Artemisia dracunculus,horse,,horse_toxic_source_only,toxic,"Consider note: NC State flags horse toxicity, but YardMate schema has no horse target.",NC State https://plants.ces.ncsu.edu/plants/artemisia-dracunculus/,Safe in culinary amounts; avoid concentrated essential oil long-term.
P2,AAA0146,Asclepias incarnata,horse,,horse_toxic_source_only,toxic,"Consider note: NC State flags horse toxicity, but YardMate schema has no horse target.",NC State https://plants.ces.ncsu.edu/plants/asclepias-incarnata/,"ASPCA lists milkweeds as toxic to dogs, cats, and horses."
P2,AAA0147,Asclepias tuberosa,horse,,horse_toxic_source_only,toxic,"Consider note: NC State flags horse toxicity, but YardMate schema has no horse target.",NC State https://plants.ces.ncsu.edu/plants/asclepias-tuberosa/,ASPCA lists milkweeds generally as toxic; A. tuberosa has less cardiac glycoside content than more showy milkweeds.
P2,AAA0183,Begonia grandis,horse,,horse_toxic_source_only,toxic,"Consider note: NC State flags horse toxicity, but YardMate schema has no horse target.",NC State https://plants.ces.ncsu.edu/plants/begonia-grandis/,ASPCA lists Begonia as toxic; tubers contain highest concentration of oxalates.
P2,AAA0198,Borago officinalis,horse,,horse_toxic_source_only,toxic,"Consider note: NC State flags horse toxicity, but YardMate schema has no horse target.",NC State https://plants.ces.ncsu.edu/plants/borago-officinalis/,Culinary amounts generally safe; some sources advise against daily long-term consumption due to pyrrolizidine alkaloid content.
P2,AAA0202,Brassica juncea,horse,,horse_toxic_source_only,toxic,"Consider note: NC State flags horse toxicity, but YardMate schema has no horse target.",NC State https://plants.ces.ncsu.edu/plants/brassica-juncea/,Culinary vegetable; non-toxic at normal amounts. Very large quantities can cause GI upset in pets.
P2,AAA0213,Browallia viscosa,cat,,not_checked; review_current_unknown,no_match; toxic,Review: YardMate level is null while source has a signal.,"ASPCA no_match (none, not_checked); NC State toxic (review_current_unknown)",Solanaceae family; avoid ingestion as a precaution.
P2,AAA0213,Browallia viscosa,dog,,not_checked; review_current_unknown,no_match; toxic,Review: YardMate level is null while source has a signal.,"ASPCA no_match (none, not_checked); NC State toxic (review_current_unknown)",Solanaceae family; avoid ingestion as a precaution.
P2,AAA0220,Buxus microphylla,horse,,horse_toxic_source_only,toxic,"Consider note: NC State flags horse toxicity, but YardMate schema has no horse target.",NC State https://plants.ces.ncsu.edu/plants/buxus-microphylla/,"ASPCA lists Buxus as toxic to dogs, cats, and horses. Historic livestock poisonings documented."
P2,AAA0221,Buxus sempervirens,horse,,horse_toxic_source_only,toxic,"Consider note: NC State flags horse toxicity, but YardMate schema has no horse target.",NC State https://plants.ces.ncsu.edu/plants/buxus-sempervirens/,"ASPCA lists boxwood as toxic to dogs, cats, and horses."
P2,AAA0223,Caladium bicolor,horse,,horse_toxic_source_only,toxic,"Consider note: NC State flags horse toxicity, but YardMate schema has no horse target.",NC State https://plants.ces.ncsu.edu/plants/caladium-bicolor/,Tubers are as toxic as the foliage and must not be eaten.
P2,AAA0278,Catharanthus roseus,horse,,horse_toxic_source_only,toxic,"Consider note: NC State flags horse toxicity, but YardMate schema has no horse target.",NC State https://plants.ces.ncsu.edu/plants/catharanthus-roseus/,"ASPCA lists Catharanthus as toxic to dogs, cats, and horses. The source of critical chemotherapy drugs."
P2,AAA0289,Celastrus scandens,horse,,horse_toxic_source_only,toxic,"Consider note: NC State flags horse toxicity, but YardMate schema has no horse target.",NC State https://plants.ces.ncsu.edu/plants/celastrus-scandens/,Bright berries tempting to children; all parts contain toxic alkaloids. Do not consume.
P2,AAA0296,Centaurea solstitialis,horse,,horse_toxic_source_only,toxic,"Consider note: NC State flags horse toxicity, but YardMate schema has no horse target.",NC State https://plants.ces.ncsu.edu/plants/centaurea-solstitialis/,Chronic ingestion causes fatal neurological disease in horses; other livestock less affected.
P2,AAA0298,Cephalanthus occidentalis,horse,,horse_toxic_source_only,toxic,"Consider note: NC State flags horse toxicity, but YardMate schema has no horse target.",NC State https://plants.ces.ncsu.edu/plants/cephalanthus-occidentalis/,Livestock have occasionally been poisoned by the bark. Not commonly eaten; low practical risk.
P2,AAA0313,Chamaemelum nobile,horse,,horse_toxic_source_only,toxic,"Consider note: NC State flags horse toxicity, but YardMate schema has no horse target.",NC State https://plants.ces.ncsu.edu/plants/chamaemelum-nobile/,ASPCA lists chamomile as mildly toxic to pets; risk of Asteraceae allergy in humans.
P2,AAA0325,Chrysanthemum x morifolium,horse,,horse_toxic_source_only,toxic,"Consider note: NC State flags horse toxicity, but YardMate schema has no horse target.",NC State https://plants.ces.ncsu.edu/plants/chrysanthemum-x-morifolium/,"ASPCA lists Chrysanthemum as toxic to dogs, cats, and horses."
P2,AAA0337,Citrus x paradisi,horse,,horse_toxic_source_only,toxic,"Consider note: NC State flags horse toxicity, but YardMate schema has no horse target.",NC State https://plants.ces.ncsu.edu/plants/citrus-x-paradisi/,ASPCA lists Citrus as mildly toxic to pets. Major drug-interaction concern in humans.
P2,AAA0344,Clematis montana,horse,,horse_toxic_source_only,toxic,"Consider note: NC State flags horse toxicity, but YardMate schema has no horse target.",NC State https://plants.ces.ncsu.edu/plants/clematis-montana/,"ASPCA lists Clematis as toxic to dogs, cats, horses. Protoanemonin breaks down to nontoxic anemonin in dried plant material."
P2,AAA0345,Clematis terniflora,horse,,horse_toxic_source_only,toxic,"Consider note: NC State flags horse toxicity, but YardMate schema has no horse target.",NC State https://plants.ces.ncsu.edu/plants/clematis-terniflora/,ASPCA toxic.
P2,AAA0346,Clematis virginiana,horse,,horse_toxic_source_only,toxic,"Consider note: NC State flags horse toxicity, but YardMate schema has no horse target.",NC State https://plants.ces.ncsu.edu/plants/clematis-virginiana/,ASPCA toxic. Indigenous peoples used tiny amounts externally but the plant is not safely edible.
P2,AAA0347,Clematis viticella,horse,,horse_toxic_source_only,toxic,"Consider note: NC State flags horse toxicity, but YardMate schema has no horse target.",NC State https://plants.ces.ncsu.edu/plants/clematis-viticella/,"ASPCA lists Clematis as toxic to dogs, cats, horses."
P2,AAA0355,Colchicum autumnale,horse,,horse_toxic_source_only,toxic,"Consider note: NC State flags horse toxicity, but YardMate schema has no horse target.",NC State https://plants.ces.ncsu.edu/plants/colchicum-autumnale/,"ASPCA lists Colchicum as highly toxic to dogs, cats, and horses. No antidote exists for colchicine poisoning. Treat as medical emergency."
P2,AAA0357,Colocasia esculenta,horse,,horse_toxic_source_only,toxic,"Consider note: NC State flags horse toxicity, but YardMate schema has no horse target.",NC State https://plants.ces.ncsu.edu/plants/colocasia-esculenta/,Only the raw plant is toxic; properly cooked taro is a staple food for hundreds of millions.
P2,AAA0361,Convallaria majalis,horse,,horse_toxic_source_only,toxic,"Consider note: NC State flags horse toxicity, but YardMate schema has no horse target.",NC State https://plants.ces.ncsu.edu/plants/convallaria-majalis/,"ASPCA lists Convallaria as toxic to dogs, cats, and horses. All parts including vase water dangerously toxic."
P2,AAA0380,Crassula arborescens,horse,,horse_toxic_source_only,toxic,"Consider note: NC State flags horse toxicity, but YardMate schema has no horse target.",NC State https://plants.ces.ncsu.edu/plants/crassula-arborescens/,ASPCA lists Crassula (jade plant) as toxic to pets.
P2,AAA0381,Crassula ovata,horse,,horse_toxic_source_only,toxic,"Consider note: NC State flags horse toxicity, but YardMate schema has no horse target.",NC State https://plants.ces.ncsu.edu/plants/crassula-ovata/,Specific toxic compounds are not well characterized; ASPCA documents clinical effects including cardiac symptoms.
P2,AAA0382,Crassula perforata,horse,,horse_toxic_source_only,toxic,"Consider note: NC State flags horse toxicity, but YardMate schema has no horse target.",NC State https://plants.ces.ncsu.edu/plants/crassula-perforata/,ASPCA lists Crassula genus as toxic to pets.
P2,AAA0384,Crataegus monogyna,cat,1,conflict_possible_overwarning; not_checked,non_toxic; no_match,Review possible overwarning: source indicates non-toxic but YardMate level is above 0.,"ASPCA non_toxic (genus, conflict_possible_overwarning); NC State no_match (not_checked)",Not listed by ASPCA. Fruit flesh traditionally eaten in jellies and wines; seeds should not be crushed and consumed in quantity.
P2,AAA0384,Crataegus monogyna,dog,1,conflict_possible_overwarning; not_checked,non_toxic; no_match,Review possible overwarning: source indicates non-toxic but YardMate level is above 0.,"ASPCA non_toxic (genus, conflict_possible_overwarning); NC State no_match (not_checked)",Not listed by ASPCA. Fruit flesh traditionally eaten in jellies and wines; seeds should not be crushed and consumed in quantity.
P2,AAA0404,Cyclamen persicum,horse,,horse_toxic_source_only,toxic,"Consider note: NC State flags horse toxicity, but YardMate schema has no horse target.",NC State https://plants.ces.ncsu.edu/plants/cyclamen-persicum/,Toxicity concentrated in the tuber; cases of pet death from chewing exposed tubers are documented.
P2,AAA0407,Cymbopogon citratus,horse,,horse_toxic_source_only,toxic,"Consider note: NC State flags horse toxicity, but YardMate schema has no horse target.",NC State https://plants.ces.ncsu.edu/plants/cymbopogon-citratus/,ASPCA lists Cymbopogon as toxic to dogs and cats due to essential oils; culinary stalk use is low-risk.
P2,AAA0425,Datura stramonium,horse,,horse_toxic_source_only,toxic,"Consider note: NC State flags horse toxicity, but YardMate schema has no horse target.",NC State https://plants.ces.ncsu.edu/plants/datura-stramonium/,"ASPCA lists Datura as toxic to dogs, cats, and horses. Extremely dangerous to humans; multiple recreational-use deaths documented."
P2,AAA0426,Datura wrightii,horse,,horse_toxic_source_only,toxic,"Consider note: NC State flags horse toxicity, but YardMate schema has no horse target.",NC State https://plants.ces.ncsu.edu/plants/datura-wrightii/,All parts highly toxic; handle carefully and keep away from children and pets.
P2,AAA0430,Delphinium elatum,horse,,horse_toxic_source_only,toxic,"Consider note: NC State flags horse toxicity, but YardMate schema has no horse target.",NC State https://plants.ces.ncsu.edu/plants/delphinium-elatum/,Major livestock poisoning hazard on western US rangelands; young plants and seeds most toxic.
P2,AAA0437,Dianthus barbatus,horse,,horse_toxic_source_only,toxic,"Consider note: NC State flags horse toxicity, but YardMate schema has no horse target.",NC State https://plants.ces.ncsu.edu/plants/dianthus-barbatus/,Same Dianthus mild toxicity.
P2,AAA0438,Dianthus caryophyllus,horse,,horse_toxic_source_only,toxic,"Consider note: NC State flags horse toxicity, but YardMate schema has no horse target.",NC State https://plants.ces.ncsu.edu/plants/dianthus-caryophyllus/,Mild toxicity only.
P2,AAA0439,Dianthus chinensis,horse,,horse_toxic_source_only,toxic,"Consider note: NC State flags horse toxicity, but YardMate schema has no horse target.",NC State https://plants.ces.ncsu.edu/plants/dianthus-chinensis/,ASPCA lists Dianthus as mildly toxic to dogs and cats.
P2,AAA0440,Dianthus deltoides,horse,,horse_toxic_source_only,toxic,"Consider note: NC State flags horse toxicity, but YardMate schema has no horse target.",NC State https://plants.ces.ncsu.edu/plants/dianthus-deltoides/,ASPCA lists Dianthus as mildly toxic to dogs and cats.
P2,AAA0441,Dianthus gratianopolitanus,horse,,horse_toxic_source_only,toxic,"Consider note: NC State flags horse toxicity, but YardMate schema has no horse target.",NC State https://plants.ces.ncsu.edu/plants/dianthus-gratianopolitanus/,ASPCA lists Dianthus as toxic to dogs and cats with mild symptoms.
P2,AAA0443,Dianthus plumarius,horse,,horse_toxic_source_only,toxic,"Consider note: NC State flags horse toxicity, but YardMate schema has no horse target.",NC State https://plants.ces.ncsu.edu/plants/dianthus-plumarius/,ASPCA lists Dianthus as mildly toxic to dogs and cats; edible flowers are safe for humans.
P2,AAA0450,Dieffenbachia seguine,horse,,horse_toxic_source_only,toxic,"Consider note: NC State flags horse toxicity, but YardMate schema has no horse target.",NC State https://plants.ces.ncsu.edu/plants/dieffenbachia-seguine/,The combination of raphides and proteolytic enzymes makes Dieffenbachia more severely irritating than most aroids. Eye exposure to sap requires urgent rinsing.
P2,AAA0451,Digitalis purpurea,horse,,horse_toxic_source_only,toxic,"Consider note: NC State flags horse toxicity, but YardMate schema has no horse target.",NC State https://plants.ces.ncsu.edu/plants/digitalis-purpurea/,"All parts highly toxic. ASPCA lists Digitalis as toxic to dogs, cats, horses. Source of the cardiac drug digoxin — therapeutic window is narrow."
P2,AAA0459,Dracaena fragrans,horse,,horse_toxic_source_only,toxic,"Consider note: NC State flags horse toxicity, but YardMate schema has no horse target.",NC State https://plants.ces.ncsu.edu/plants/dracaena-fragrans/,Same saponin profile as other Dracaenas; dilated pupils are a distinctive sign in cats.
P2,AAA0463,Dracaena trifasciata,horse,,horse_toxic_source_only,toxic,"Consider note: NC State flags horse toxicity, but YardMate schema has no horse target.",NC State https://plants.ces.ncsu.edu/plants/dracaena-trifasciata/,ASPCA lists Sansevieria/Dracaena trifasciata as toxic to pets.
P2,AAA0492,Epipremnum aureum,horse,,horse_toxic_source_only,toxic,"Consider note: NC State flags horse toxicity, but YardMate schema has no horse target.",NC State https://plants.ces.ncsu.edu/plants/epipremnum-aureum/,Toxicity is generally mild but can be alarming in cats and small dogs due to oral swelling.
P2,AAA0516,Euphorbia milii,horse,,horse_toxic_source_only,toxic,"Consider note: NC State flags horse toxicity, but YardMate schema has no horse target.",NC State https://plants.ces.ncsu.edu/plants/euphorbia-milii/,ASPCA lists Euphorbia as toxic. Mechanical injury from thorns is a secondary hazard.
P2,AAA0519,Euphorbia pulcherrima,horse,,horse_toxic_source_only,toxic,"Consider note: NC State flags horse toxicity, but YardMate schema has no horse target.",NC State https://plants.ces.ncsu.edu/plants/euphorbia-pulcherrima/,"ASPCA classifies poinsettia as mildly toxic — the ""deadly poinsettia"" reputation is unsupported by evidence. Skin contact can irritate latex-sensitive individuals."
P2,AAA0520,Euphorbia tirucalli,horse,,horse_toxic_source_only,toxic,"Consider note: NC State flags horse toxicity, but YardMate schema has no horse target.",NC State https://plants.ces.ncsu.edu/plants/euphorbia-tirucalli/,Among the more dangerous common houseplants; wear gloves and eye protection when pruning. Phorbol esters are tumor promoters.
P2,AAA0530,Felicia amelloides,cat,,review_current_unknown; review_current_unknown,non_toxic; non_toxic,Review: YardMate level is null while source has a signal.,"ASPCA non_toxic (exact, review_current_unknown); NC State non_toxic (review_current_unknown)",Not listed by ASPCA; no significant toxicity reported.
P2,AAA0530,Felicia amelloides,dog,,review_current_unknown; review_current_unknown,non_toxic; non_toxic,Review: YardMate level is null while source has a signal.,"ASPCA non_toxic (exact, review_current_unknown); NC State non_toxic (review_current_unknown)",Not listed by ASPCA; no significant toxicity reported.
P2,AAA0534,Ficus benjamina,horse,,horse_toxic_source_only,toxic,"Consider note: NC State flags horse toxicity, but YardMate schema has no horse target.",NC State https://plants.ces.ncsu.edu/plants/ficus-benjamina/,"Recognized cause of occupational asthma; cross-reactive with natural rubber latex and some fruits (fig, kiwi, banana)."
P2,AAA0535,Ficus carica,horse,,horse_toxic_source_only,toxic,"Consider note: NC State flags horse toxicity, but YardMate schema has no horse target.",NC State https://plants.ces.ncsu.edu/plants/ficus-carica/,ASPCA lists Ficus as toxic to pets due to sap irritation; ripe fruit is safe.
P2,AAA0536,Ficus elastica,horse,,horse_toxic_source_only,toxic,"Consider note: NC State flags horse toxicity, but YardMate schema has no horse target.",NC State https://plants.ces.ncsu.edu/plants/ficus-elastica/,Latex cross-reactivity is documented in people with natural rubber latex allergy.
P2,AAA0537,Ficus lyrata,horse,,horse_toxic_source_only,toxic,"Consider note: NC State flags horse toxicity, but YardMate schema has no horse target.",NC State https://plants.ces.ncsu.edu/plants/ficus-lyrata/,All Ficus species produce a white latex sap that can cause skin reactions in sensitive individuals.
P2,AAA0539,Ficus pumila,horse,,horse_toxic_source_only,toxic,"Consider note: NC State flags horse toxicity, but YardMate schema has no horse target.",NC State https://plants.ces.ncsu.edu/plants/ficus-pumila/,Same Ficus profile; Taiwanese jelly (愛玉) is safe because the seed pectin is separated from the latex sap.
P2,AAA0564,Gardenia jasminoides,horse,,horse_toxic_source_only,toxic,"Consider note: NC State flags horse toxicity, but YardMate schema has no horse target.",NC State https://plants.ces.ncsu.edu/plants/gardenia-jasminoides/,ASPCA lists Gardenia as mildly toxic to pets.
P2,AAA0586,Glechoma hederacea,horse,,horse_toxic_source_only,toxic,"Consider note: NC State flags horse toxicity, but YardMate schema has no horse target.",NC State https://plants.ces.ncsu.edu/plants/glechoma-hederacea/,Contains pulegone; safe in culinary amounts but concentrated use can be hepatotoxic. Horses especially sensitive.
P2,AAA0597,Gymnocladus chinensis,horse,,horse_toxic_source_only,toxic,"Consider note: NC State flags horse toxicity, but YardMate schema has no horse target.",NC State https://plants.ces.ncsu.edu/plants/gymnocladus-chinensis/,Raw pods and seeds are irritant and should not be consumed. Traditional medicinal use requires processing.
P2,AAA0602,Hedera helix,horse,,horse_toxic_source_only,toxic,"Consider note: NC State flags horse toxicity, but YardMate schema has no horse target.",NC State https://plants.ces.ncsu.edu/plants/hedera-helix/,"ASPCA lists English ivy as toxic to dogs, cats, and horses."
P2,AAA0609,Heliotropium arborescens,horse,,horse_toxic_source_only,toxic,"Consider note: NC State flags horse toxicity, but YardMate schema has no horse target.",NC State https://plants.ces.ncsu.edu/plants/heliotropium-arborescens/,Pyrrolizidine alkaloids cause cumulative hepatotoxicity; keep away from grazing animals.
P2,AAA0610,Helleborus niger,horse,,horse_toxic_source_only,toxic,"Consider note: NC State flags horse toxicity, but YardMate schema has no horse target.",NC State https://plants.ces.ncsu.edu/plants/helleborus-niger/,"ASPCA lists Helleborus as toxic to dogs, cats, horses."
P2,AAA0611,Helleborus orientalis,horse,,horse_toxic_source_only,toxic,"Consider note: NC State flags horse toxicity, but YardMate schema has no horse target.",NC State https://plants.ces.ncsu.edu/plants/helleborus-orientalis/,"ASPCA lists Helleborus as toxic to dogs, cats, horses. Historically used as a weapon — reportedly poisoning a city's water supply in the First Sacred War."
P2,AAA0612,Hemerocallis citrina,dog,1,conflict_possible_overwarning; not_checked,non_toxic; no_match,Review possible overwarning: source indicates non-toxic but YardMate level is above 0.,"ASPCA non_toxic (genus, conflict_possible_overwarning); NC State no_match (not_checked)",Buds edible dried/cooked in Chinese cuisine; all daylilies severely nephrotoxic to cats.
P2,AAA0614,Hemerocallis lilioasphodelus,dog,1,conflict_possible_overwarning; not_checked,non_toxic; no_match,Review possible overwarning: source indicates non-toxic but YardMate level is above 0.,"ASPCA non_toxic (genus, conflict_possible_overwarning); NC State no_match (not_checked)",ASPCA lists daylilies as highly toxic to cats causing acute kidney failure; dogs tolerate. Buds are edible for humans when cooked.
P2,AAA0636,Hosta plantaginea,horse,,horse_toxic_source_only,toxic,"Consider note: NC State flags horse toxicity, but YardMate schema has no horse target.",NC State https://plants.ces.ncsu.edu/plants/hosta-plantaginea/,"ASPCA lists Hosta as toxic to dogs, cats, and horses."
P2,AAA0649,Hyacinthus orientalis,horse,,horse_toxic_source_only,toxic,"Consider note: NC State flags horse toxicity, but YardMate schema has no horse target.",NC State https://plants.ces.ncsu.edu/plants/hyacinthus-orientalis/,Toxicity concentrated in the bulb; handlers should wear gloves during bulb planting.
P2,AAA0651,Hydrangea arborescens,horse,,horse_toxic_source_only,toxic,"Consider note: NC State flags horse toxicity, but YardMate schema has no horse target.",NC State https://plants.ces.ncsu.edu/plants/hydrangea-arborescens/,Same cyanogenic glycoside toxicity as other Hydrangeas; medicinal use requires professional preparation.
P2,AAA0655,Hydrangea macrophylla,horse,,horse_toxic_source_only,toxic,"Consider note: NC State flags horse toxicity, but YardMate schema has no horse target.",NC State https://plants.ces.ncsu.edu/plants/hydrangea-macrophylla/,"Severity depends on dose and on the plant's cyanogenic content, which varies with season and cultivar."
P2,AAA0656,Hydrangea paniculata,horse,,horse_toxic_source_only,toxic,"Consider note: NC State flags horse toxicity, but YardMate schema has no horse target.",NC State https://plants.ces.ncsu.edu/plants/hydrangea-paniculata/,Same cyanogenic glycoside toxicity as other Hydrangeas.
P2,AAA0658,Hydrangea quercifolia,horse,,horse_toxic_source_only,toxic,"Consider note: NC State flags horse toxicity, but YardMate schema has no horse target.",NC State https://plants.ces.ncsu.edu/plants/hydrangea-quercifolia/,Same cyanogenic glycoside toxicity.
P2,AAA0659,Hydrangea serrata,horse,,horse_toxic_source_only,toxic,"Consider note: NC State flags horse toxicity, but YardMate schema has no horse target.",NC State https://plants.ces.ncsu.edu/plants/hydrangea-serrata/,"ASPCA lists Hydrangea as toxic to dogs, cats, and horses. Traditional amacha tea is from specifically selected cultivars and processed leaves."
P2,AAA0661,Hypericum perforatum,horse,,horse_toxic_source_only,toxic,"Consider note: NC State flags horse toxicity, but YardMate schema has no horse target.",NC State https://plants.ces.ncsu.edu/plants/hypericum-perforatum/,"ASPCA lists Hypericum as toxic to dogs, cats, horses due to hypericin photosensitization. Major drug-interaction hazard in humans."
P2,AAA0662,Hypochaeris radicata,horse,,horse_toxic_source_only,toxic,"Consider note: NC State flags horse toxicity, but YardMate schema has no horse target.",NC State https://plants.ces.ncsu.edu/plants/hypochaeris-radicata/,Not ASPCA-toxic to dogs or cats. Causes 'Australian stringhalt' neurological disease in horses grazing heavily; safe leafy green for people.
P2,AAA0664,Ilex aquifolium,horse,,horse_toxic_source_only,toxic,"Consider note: NC State flags horse toxicity, but YardMate schema has no horse target.",NC State https://plants.ces.ncsu.edu/plants/ilex-aquifolium/,"ASPCA lists English holly as toxic to dogs, cats, and horses (vomiting, diarrhea, depression)."
P2,AAA0668,Ilex opaca,horse,,horse_toxic_source_only,toxic,"Consider note: NC State flags horse toxicity, but YardMate schema has no horse target.",NC State https://plants.ces.ncsu.edu/plants/ilex-opaca/,ASPCA toxic. Spiny leaves pose physical hazard.
P2,AAA0671,Illicium floridanum,horse,,horse_toxic_source_only,toxic,"Consider note: NC State flags horse toxicity, but YardMate schema has no horse target.",NC State https://plants.ces.ncsu.edu/plants/illicium-floridanum/,Not the culinary spice. Contains potent neurotoxic sesquiterpene lactones—anisatin is a GABA antagonist causing seizures.
P2,AAA0672,Illicium parviflorum,horse,,horse_toxic_source_only,toxic,"Consider note: NC State flags horse toxicity, but YardMate schema has no horse target.",NC State https://plants.ces.ncsu.edu/plants/illicium-parviflorum/,Not the culinary spice. All North American Illicium contain toxic anisatin; do not consume.
P2,AAA0677,Ipomoea alba,horse,,horse_toxic_source_only,toxic,"Consider note: NC State flags horse toxicity, but YardMate schema has no horse target.",NC State https://plants.ces.ncsu.edu/plants/ipomoea-alba/,"ASPCA lists Ipomoea as toxic to dogs, cats, and horses."
P2,AAA0680,Ipomoea coccinea,horse,,horse_toxic_source_only,toxic,"Consider note: NC State flags horse toxicity, but YardMate schema has no horse target.",NC State https://plants.ces.ncsu.edu/plants/ipomoea-coccinea/,ASPCA lists Ipomoea as toxic to pets. Seeds contain psychoactive alkaloids.
P2,AAA0681,Ipomoea purpurea,horse,,horse_toxic_source_only,toxic,"Consider note: NC State flags horse toxicity, but YardMate schema has no horse target.",NC State https://plants.ces.ncsu.edu/plants/ipomoea-purpurea/,"ASPCA lists morning glory as toxic to dogs, cats, and horses. Seeds are psychoactive and toxic; commercial seed is sometimes coated with fungicide to deter consumption."
P2,AAA0682,Ipomoea tricolor,horse,,horse_toxic_source_only,toxic,"Consider note: NC State flags horse toxicity, but YardMate schema has no horse target.",NC State https://plants.ces.ncsu.edu/plants/ipomoea-tricolor/,"ASPCA lists morning glory as toxic to dogs, cats, and horses — seeds are the most toxic part."
P2,AAA0684,Iris cristata,horse,,horse_toxic_source_only,toxic,"Consider note: NC State flags horse toxicity, but YardMate schema has no horse target.",NC State https://plants.ces.ncsu.edu/plants/iris-cristata/,ASPCA lists all Iris as toxic to pets.
P2,AAA0686,Iris ensata,horse,,horse_toxic_source_only,toxic,"Consider note: NC State flags horse toxicity, but YardMate schema has no horse target.",NC State https://plants.ces.ncsu.edu/plants/iris-ensata/,Same Iris-genus toxicity.
P2,AAA0691,Iris pseudacorus,horse,,horse_toxic_source_only,toxic,"Consider note: NC State flags horse toxicity, but YardMate schema has no horse target.",NC State https://plants.ces.ncsu.edu/plants/iris-pseudacorus/,"ASPCA lists iris as toxic to dogs, cats, and horses."
P2,AAA0692,Iris reticulata,horse,,horse_toxic_source_only,toxic,"Consider note: NC State flags horse toxicity, but YardMate schema has no horse target.",NC State https://plants.ces.ncsu.edu/plants/iris-reticulata/,ASPCA lists all Iris as toxic to dogs and cats.
P2,AAA0694,Iris versicolor,horse,,horse_toxic_source_only,toxic,"Consider note: NC State flags horse toxicity, but YardMate schema has no horse target.",NC State https://plants.ces.ncsu.edu/plants/iris-versicolor/,"ASPCA lists iris as toxic to dogs, cats, and horses."
P2,AAA0698,Jacobaea maritima,horse,,horse_toxic_source_only,toxic,"Consider note: NC State flags horse toxicity, but YardMate schema has no horse target.",NC State https://plants.ces.ncsu.edu/plants/jacobaea-maritima/,"Like Senecio relatives, contains hepatotoxic pyrrolizidine alkaloids; avoid ingestion."
P2,AAA0715,Kniphofia caulescens,cat,,review_current_unknown; not_checked,non_toxic; no_match,Review: YardMate level is null while source has a signal.,"ASPCA non_toxic (genus, review_current_unknown); NC State no_match (not_checked)",Limited toxicity data; not listed by ASPCA.
P2,AAA0715,Kniphofia caulescens,dog,,review_current_unknown; not_checked,non_toxic; no_match,Review: YardMate level is null while source has a signal.,"ASPCA non_toxic (genus, review_current_unknown); NC State no_match (not_checked)",Limited toxicity data; not listed by ASPCA.
P2,AAA0731,Lantana camara,horse,,horse_toxic_source_only,toxic,"Consider note: NC State flags horse toxicity, but YardMate schema has no horse target.",NC State https://plants.ces.ncsu.edu/plants/lantana-camara/,"ASPCA lists Lantana as toxic to dogs, cats, horses. Ripe berries are less toxic than green but still hazardous."
P2,AAA0732,Lantana montevidensis,horse,,horse_toxic_source_only,toxic,"Consider note: NC State flags horse toxicity, but YardMate schema has no horse target.",NC State https://plants.ces.ncsu.edu/plants/lantana-montevidensis/,"ASPCA lists Lantana as toxic to dogs, cats, and horses; livestock poisoning is well-documented."
P2,AAA0733,Laurus nobilis,horse,,horse_toxic_source_only,toxic,"Consider note: NC State flags horse toxicity, but YardMate schema has no horse target.",NC State https://plants.ces.ncsu.edu/plants/laurus-nobilis/,Leaf flavor use safe; whole leaves should be removed from food before serving. Keep ornamental trees away from pets.
P2,AAA0734,Lavandula angustifolia,horse,,horse_toxic_source_only,toxic,"Consider note: NC State flags horse toxicity, but YardMate schema has no horse target.",NC State https://plants.ces.ncsu.edu/plants/lavandula-angustifolia/,Whole plant is mildly toxic to pets; essential oil in concentrated form is significantly more dangerous.
P2,AAA0742,Leucanthemum vulgare,horse,,horse_toxic_source_only,toxic,"Consider note: NC State flags horse toxicity, but YardMate schema has no horse target.",NC State https://plants.ces.ncsu.edu/plants/leucanthemum-vulgare/,Not listed by ASPCA.
P2,AAA0745,Leucojum vernum,horse,,horse_toxic_source_only,toxic,"Consider note: NC State flags horse toxicity, but YardMate schema has no horse target.",NC State https://plants.ces.ncsu.edu/plants/leucojum-vernum/,Bulbs contain Amaryllidaceae alkaloids.
P2,AAA0748,Leucothoe axillaris,horse,,horse_toxic_source_only,toxic,"Consider note: NC State flags horse toxicity, but YardMate schema has no horse target.",NC State https://plants.ces.ncsu.edu/plants/leucothoe-axillaris/,ASPCA toxic. Shares grayanotoxin toxicity of Rhododendron/Pieris/Kalmia.
P2,AAA0750,Levisticum officinale,horse,,horse_toxic_source_only,toxic,"Consider note: NC State flags horse toxicity, but YardMate schema has no horse target.",NC State https://plants.ces.ncsu.edu/plants/levisticum-officinale/,Culinary use safe; wear gloves when handling fresh plant in sun to avoid phytophotodermatitis.
P2,AAA0760,Lilium candidum,dog,1,conflict_possible_overwarning; not_checked,non_toxic; no_match,Review possible overwarning: source indicates non-toxic but YardMate level is above 0.,"ASPCA non_toxic (genus, conflict_possible_overwarning); NC State no_match (not_checked)",All true Lilium species lethal to cats.
P2,AAA0761,Lilium henryi,dog,1,conflict_possible_overwarning; not_checked,non_toxic; no_match,Review possible overwarning: source indicates non-toxic but YardMate level is above 0.,"ASPCA non_toxic (genus, conflict_possible_overwarning); NC State no_match (not_checked)",ASPCA: severely nephrotoxic to cats.
P2,AAA0764,Lilium martagon,dog,1,conflict_possible_overwarning; not_checked,non_toxic; no_match,Review possible overwarning: source indicates non-toxic but YardMate level is above 0.,"ASPCA non_toxic (genus, conflict_possible_overwarning); NC State no_match (not_checked)",ASPCA: all true Lilium species are severely nephrotoxic to cats; ingestion of any part can be fatal.
P2,AAA0766,Lilium regale,dog,1,conflict_possible_overwarning; not_checked,non_toxic; no_signal,Review possible overwarning: source indicates non-toxic but YardMate level is above 0.,"ASPCA non_toxic (genus, conflict_possible_overwarning); NC State no_signal (not_checked)",ASPCA: severely nephrotoxic to cats.
P2,AAA0775,Lobelia cardinalis,horse,,horse_toxic_source_only,toxic,"Consider note: NC State flags horse toxicity, but YardMate schema has no horse target.",NC State https://plants.ces.ncsu.edu/plants/lobelia-cardinalis/,Not prominently listed by ASPCA but genus Lobelia is considered toxic; lobeline has historical medicinal use as a respiratory stimulant but narrow safety margin.
P2,AAA0793,Lyonia lucida,horse,,horse_toxic_source_only,toxic,"Consider note: NC State flags horse toxicity, but YardMate schema has no horse target.",NC State https://plants.ces.ncsu.edu/plants/lyonia-lucida/,Ericaceae family toxicity; keep away from livestock and pets.
P2,AAA0833,Mentha spicata,horse,,horse_toxic_source_only,toxic,"Consider note: NC State flags horse toxicity, but YardMate schema has no horse target.",NC State https://plants.ces.ncsu.edu/plants/mentha-spicata/,Leaf consumption low-risk; concentrated essential oil hazardous to pets.
P2,AAA0835,Mentha x piperita,horse,,horse_toxic_source_only,toxic,"Consider note: NC State flags horse toxicity, but YardMate schema has no horse target.",NC State https://plants.ces.ncsu.edu/plants/mentha-x-piperita/,"Leaf consumption low-risk; concentrated essential oils hazardous to pets, especially cats and small dogs."
P2,AAA0856,Monstera deliciosa,horse,,horse_toxic_source_only,toxic,"Consider note: NC State flags horse toxicity, but YardMate schema has no horse target.",NC State https://plants.ces.ncsu.edu/plants/monstera-deliciosa/,Fully ripe fruit is safe and edible; unripe fruit contains the same oxalate crystals as the leaves.
P2,AAA0859,Morus nigra,cat,1,conflict_possible_overwarning; not_checked,non_toxic; no_match,Review possible overwarning: source indicates non-toxic but YardMate level is above 0.,"ASPCA non_toxic (genus, conflict_possible_overwarning); NC State no_match (not_checked)",Ripe fruit is edible and widely consumed; avoid unripe fruit and white sap.
P2,AAA0859,Morus nigra,dog,1,conflict_possible_overwarning; not_checked,non_toxic; no_match,Review possible overwarning: source indicates non-toxic but YardMate level is above 0.,"ASPCA non_toxic (genus, conflict_possible_overwarning); NC State no_match (not_checked)",Ripe fruit is edible and widely consumed; avoid unripe fruit and white sap.
P2,AAA0872,Nandina domestica,horse,,horse_toxic_source_only,toxic,"Consider note: NC State flags horse toxicity, but YardMate schema has no horse target.",NC State https://plants.ces.ncsu.edu/plants/nandina-domestica/,"ASPCA lists Nandina as toxic to dogs, cats, and grazing animals. Significant wild-bird mortality (cedar waxwings) documented in US Southeast."
P2,AAA0873,Narcissus cyclamineus,horse,,horse_toxic_source_only,toxic,"Consider note: NC State flags horse toxicity, but YardMate schema has no horse target.",NC State https://plants.ces.ncsu.edu/plants/narcissus-cyclamineus/,ASPCA lists all Narcissus as toxic to dogs and cats. Bulbs most concentrated.
P2,AAA0874,Narcissus jonquilla,horse,,horse_toxic_source_only,toxic,"Consider note: NC State flags horse toxicity, but YardMate schema has no horse target.",NC State https://plants.ces.ncsu.edu/plants/narcissus-jonquilla/,Same alkaloid profile as other Narcissus.
P2,AAA0875,Narcissus poeticus,horse,,horse_toxic_source_only,toxic,"Consider note: NC State flags horse toxicity, but YardMate schema has no horse target.",NC State https://plants.ces.ncsu.edu/plants/narcissus-poeticus/,ASPCA lists all Narcissus as toxic to pets. Bulbs are mistaken for onions — dangerous.
P2,AAA0876,Narcissus pseudonarcissus,horse,,horse_toxic_source_only,toxic,"Consider note: NC State flags horse toxicity, but YardMate schema has no horse target.",NC State https://plants.ces.ncsu.edu/plants/narcissus-pseudonarcissus/,"Galantamine, an acetylcholinesterase inhibitor, is extracted from daffodils for Alzheimer's treatment."
P2,AAA0877,Narcissus tazetta,horse,,horse_toxic_source_only,toxic,"Consider note: NC State flags horse toxicity, but YardMate schema has no horse target.",NC State https://plants.ces.ncsu.edu/plants/narcissus-tazetta/,ASPCA lists Narcissus as toxic; galantamine used pharmaceutically for Alzheimer's.
P2,AAA0878,Narcissus triandrus,horse,,horse_toxic_source_only,toxic,"Consider note: NC State flags horse toxicity, but YardMate schema has no horse target.",NC State https://plants.ces.ncsu.edu/plants/narcissus-triandrus/,ASPCA lists Narcissus as toxic to pets.
P2,AAA0891,Nerium oleander,horse,,horse_toxic_source_only,toxic,"Consider note: NC State flags horse toxicity, but YardMate schema has no horse target.",NC State https://plants.ces.ncsu.edu/plants/nerium-oleander/,"ASPCA lists oleander as extremely toxic to dogs, cats, and horses. All parts are dangerous; do not burn, and keep away from livestock and pets."
P2,AAA0913,Opuntia santa-rita,cat,1,conflict_possible_overwarning; not_checked,non_toxic; no_match,Review possible overwarning: source indicates non-toxic but YardMate level is above 0.,"ASPCA non_toxic (genus, conflict_possible_overwarning); NC State no_match (not_checked)",Not chemically toxic; glochids (hair-like barbed spines) cause significant mechanical irritation.
P2,AAA0913,Opuntia santa-rita,dog,1,conflict_possible_overwarning; not_checked,non_toxic; no_match,Review possible overwarning: source indicates non-toxic but YardMate level is above 0.,"ASPCA non_toxic (genus, conflict_possible_overwarning); NC State no_match (not_checked)",Not chemically toxic; glochids (hair-like barbed spines) cause significant mechanical irritation.
P2,AAA0923,Oxalis corniculata,horse,,horse_toxic_source_only,toxic,"Consider note: NC State flags horse toxicity, but YardMate schema has no horse target.",NC State https://plants.ces.ncsu.edu/plants/oxalis-corniculata/,Edible in small amounts; high oxalic acid content limits safe consumption.
P2,AAA0924,Oxalis stricta,horse,,horse_toxic_source_only,toxic,"Consider note: NC State flags horse toxicity, but YardMate schema has no horse target.",NC State https://plants.ces.ncsu.edu/plants/oxalis-stricta/,Edible in small culinary quantities. High oxalic acid content makes large regular consumption inadvisable for those with kidney issues.
P2,AAA0925,Oxalis triangularis,horse,,horse_toxic_source_only,toxic,"Consider note: NC State flags horse toxicity, but YardMate schema has no horse target.",NC State https://plants.ces.ncsu.edu/plants/oxalis-triangularis/,"Soluble oxalates can cause systemic calcium binding and kidney damage with larger ingestions, unlike the insoluble oxalate raphides of aroids."
P2,AAA0948,Passiflora caerulea,horse,,horse_toxic_source_only,toxic,"Consider note: NC State flags horse toxicity, but YardMate schema has no horse target.",NC State https://plants.ces.ncsu.edu/plants/passiflora-caerulea/,Not specifically listed by ASPCA. Vegetative parts contain cyanogenic compounds; ripe fruit edible but not flavorful.
P2,AAA0950,Passiflora incarnata,horse,,horse_toxic_source_only,toxic,"Consider note: NC State flags horse toxicity, but YardMate schema has no horse target.",NC State https://plants.ces.ncsu.edu/plants/passiflora-incarnata/,Ripe fruit pulp is edible. Leaves used medicinally as mild sedative. Unripe fruits contain cyanogenic glycosides.
P2,AAA0953,Pelargonium peltatum,horse,,horse_toxic_source_only,toxic,"Consider note: NC State flags horse toxicity, but YardMate schema has no horse target.",NC State https://plants.ces.ncsu.edu/plants/pelargonium-peltatum/,ASPCA lists Pelargonium as toxic to dogs and cats.
P2,AAA0975,Persea americana,horse,,horse_toxic_source_only,toxic,"Consider note: NC State flags horse toxicity, but YardMate schema has no horse target.",NC State https://plants.ces.ncsu.edu/plants/persea-americana/,"Flesh widely considered safe for dogs and cats in small amounts; birds, rabbits, horses, and livestock are much more vulnerable to persin. ASPCA lists avocado as toxic, primarily from this broader perspective."
P2,AAA0978,Petroselinum crispum,horse,,horse_toxic_source_only,toxic,"Consider note: NC State flags horse toxicity, but YardMate schema has no horse target.",NC State https://plants.ces.ncsu.edu/plants/petroselinum-crispum/,Dietary use safe; avoid concentrated seed oil in pregnancy. Spring parsley (Cymopterus) is a different toxic plant.
P2,AAA1016,Pieris japonica,horse,,horse_toxic_source_only,toxic,"Consider note: NC State flags horse toxicity, but YardMate schema has no horse target.",NC State https://plants.ces.ncsu.edu/plants/pieris-japonica/,"ASPCA lists Japanese pieris as toxic to dogs, cats, and horses."
P2,AAA1028,Pinus ponderosa,horse,,horse_toxic_source_only,toxic,"Consider note: NC State flags horse toxicity, but YardMate schema has no horse target.",NC State https://plants.ces.ncsu.edu/plants/pinus-ponderosa/,Not listed by ASPCA for pets. Foliage causes cattle abortion (isocupressic acid) — livestock rather than pet concern.
P2,AAA1048,Podocarpus macrophyllus,horse,,horse_toxic_source_only,toxic,"Consider note: NC State flags horse toxicity, but YardMate schema has no horse target.",NC State https://plants.ces.ncsu.edu/plants/podocarpus-macrophyllus/,Podocarpus is considered moderately toxic to pets; leaves and seeds should be kept away from chewing animals.
P2,AAA1049,Podophyllum peltatum,horse,,horse_toxic_source_only,toxic,"Consider note: NC State flags horse toxicity, but YardMate schema has no horse target.",NC State https://plants.ces.ncsu.edu/plants/podophyllum-peltatum/,All parts except ripe yellow fruit are toxic. Chemotherapy drug parent compound.
P2,AAA1060,Portulaca oleracea,horse,,horse_toxic_source_only,toxic,"Consider note: NC State flags horse toxicity, but YardMate schema has no horse target.",NC State https://plants.ces.ncsu.edu/plants/portulaca-oleracea/,Widely eaten as a leafy vegetable globally. High oxalate content means large regular consumption is inadvisable for kidney stone sufferers.
P2,AAA1066,Primula vulgaris,horse,,horse_toxic_source_only,toxic,"Consider note: NC State flags horse toxicity, but YardMate schema has no horse target.",NC State https://plants.ces.ncsu.edu/plants/primula-vulgaris/,Common cause of occupational dermatitis in florists; Scandinavian countries track it as notifiable occupational allergy.
P2,AAA1067,Prunus avium,horse,,horse_toxic_source_only,toxic,"Consider note: NC State flags horse toxicity, but YardMate schema has no horse target.",NC State https://plants.ces.ncsu.edu/plants/prunus-avium/,ASPCA lists Prunus as toxic to pets.
P2,AAA1069,Prunus cerasus,horse,,horse_toxic_source_only,toxic,"Consider note: NC State flags horse toxicity, but YardMate schema has no horse target.",NC State https://plants.ces.ncsu.edu/plants/prunus-cerasus/,ASPCA lists Prunus as toxic to pets.
P2,AAA1070,Prunus domestica,horse,,horse_toxic_source_only,toxic,"Consider note: NC State flags horse toxicity, but YardMate schema has no horse target.",NC State https://plants.ces.ncsu.edu/plants/prunus-domestica/,ASPCA lists Prunus as toxic to pets.
P2,AAA1071,Prunus glandulosa,horse,,horse_toxic_source_only,toxic,"Consider note: NC State flags horse toxicity, but YardMate schema has no horse target.",NC State https://plants.ces.ncsu.edu/plants/prunus-glandulosa/,ASPCA lists all Prunus as toxic to pets.
P2,AAA1073,Prunus laurocerasus,horse,,horse_toxic_source_only,toxic,"Consider note: NC State flags horse toxicity, but YardMate schema has no horse target.",NC State https://plants.ces.ncsu.edu/plants/prunus-laurocerasus/,ASPCA lists Prunus species as toxic to pets. Wilting leaves release more cyanide than fresh—hedge trimmings in livestock paddocks are a documented cause of horse and ruminant deaths.
P2,AAA1074,Prunus mume,horse,,horse_toxic_source_only,toxic,"Consider note: NC State flags horse toxicity, but YardMate schema has no horse target.",NC State https://plants.ces.ncsu.edu/plants/prunus-mume/,"ASPCA lists Prunus species as toxic to dogs, cats, and horses — seeds, leaves, and stems contain cyanogenic glycosides."
P2,AAA1075,Prunus persica,horse,,horse_toxic_source_only,toxic,"Consider note: NC State flags horse toxicity, but YardMate schema has no horse target.",NC State https://plants.ces.ncsu.edu/plants/prunus-persica/,"ASPCA lists Prunus persica as toxic to pets (stones, leaves, stems). Flesh safe."
P2,AAA1076,Prunus sargentii,horse,,horse_toxic_source_only,toxic,"Consider note: NC State flags horse toxicity, but YardMate schema has no horse target.",NC State https://plants.ces.ncsu.edu/plants/prunus-sargentii/,ASPCA lists all Prunus as toxic to pets.
P2,AAA1077,Prunus serrulata,horse,,horse_toxic_source_only,toxic,"Consider note: NC State flags horse toxicity, but YardMate schema has no horse target.",NC State https://plants.ces.ncsu.edu/plants/prunus-serrulata/,"ASPCA lists the genus Prunus as toxic to dogs, cats, and horses (stems, leaves, seeds contain cyanogenic glycosides). Flesh of cherry fruits generally safe."
P2,AAA1079,Prunus tomentosa,horse,,horse_toxic_source_only,toxic,"Consider note: NC State flags horse toxicity, but YardMate schema has no horse target.",NC State https://plants.ces.ncsu.edu/plants/prunus-tomentosa/,ASPCA lists all Prunus as toxic. Fruit flesh edible and commonly eaten; avoid pits.
P2,AAA1081,Prunus x yedoensis,horse,,horse_toxic_source_only,toxic,"Consider note: NC State flags horse toxicity, but YardMate schema has no horse target.",NC State https://plants.ces.ncsu.edu/plants/prunus-x-yedoensis/,"ASPCA lists Prunus genus as toxic; stems, leaves, and seeds contain cyanogenic glycosides."
P2,AAA1089,Quercus alba,horse,,horse_toxic_source_only,toxic,"Consider note: NC State flags horse toxicity, but YardMate schema has no horse target.",NC State https://plants.ces.ncsu.edu/plants/quercus-alba/,ASPCA lists Quercus as toxic to pets.
P2,AAA1090,Quercus bicolor,horse,,horse_toxic_source_only,toxic,"Consider note: NC State flags horse toxicity, but YardMate schema has no horse target.",NC State https://plants.ces.ncsu.edu/plants/quercus-bicolor/,ASPCA lists Quercus as toxic to pets. Acorns of white oak group less bitter than red oaks.
P2,AAA1091,Quercus coccinea,horse,,horse_toxic_source_only,toxic,"Consider note: NC State flags horse toxicity, but YardMate schema has no horse target.",NC State https://plants.ces.ncsu.edu/plants/quercus-coccinea/,ASPCA lists Quercus as toxic to pets; acorns and young leaves contain highest tannin concentration.
P2,AAA1093,Quercus laurifolia,horse,,horse_toxic_source_only,toxic,"Consider note: NC State flags horse toxicity, but YardMate schema has no horse target.",NC State https://plants.ces.ncsu.edu/plants/quercus-laurifolia/,All Quercus species contain tannins; livestock poisoning well documented.
P2,AAA1094,Quercus lobata,horse,,horse_toxic_source_only,toxic,"Consider note: NC State flags horse toxicity, but YardMate schema has no horse target.",NC State https://plants.ces.ncsu.edu/plants/quercus-lobata/,"ASPCA lists oak acorns as toxic to dogs, cats, and horses."
P2,AAA1095,Quercus montana,horse,,horse_toxic_source_only,toxic,"Consider note: NC State flags horse toxicity, but YardMate schema has no horse target.",NC State https://plants.ces.ncsu.edu/plants/quercus-montana/,ASPCA lists Quercus as toxic to pets.
P2,AAA1096,Quercus nigra,horse,,horse_toxic_source_only,toxic,"Consider note: NC State flags horse toxicity, but YardMate schema has no horse target.",NC State https://plants.ces.ncsu.edu/plants/quercus-nigra/,Oak acorns and young leaves are toxic to livestock and pets.
P2,AAA1097,Quercus palustris,horse,,horse_toxic_source_only,toxic,"Consider note: NC State flags horse toxicity, but YardMate schema has no horse target.",NC State https://plants.ces.ncsu.edu/plants/quercus-palustris/,ASPCA lists Quercus as toxic to pets.
P2,AAA1098,Quercus phellos,horse,,horse_toxic_source_only,toxic,"Consider note: NC State flags horse toxicity, but YardMate schema has no horse target.",NC State https://plants.ces.ncsu.edu/plants/quercus-phellos/,ASPCA lists Quercus as toxic to pets.
P2,AAA1099,Quercus robur,horse,,horse_toxic_source_only,toxic,"Consider note: NC State flags horse toxicity, but YardMate schema has no horse target.",NC State https://plants.ces.ncsu.edu/plants/quercus-robur/,"ASPCA lists Quercus as toxic to dogs, cats, horses; livestock tannin toxicity (""oak poisoning"") is well-documented."
P2,AAA1100,Quercus shumardii,horse,,horse_toxic_source_only,toxic,"Consider note: NC State flags horse toxicity, but YardMate schema has no horse target.",NC State https://plants.ces.ncsu.edu/plants/quercus-shumardii/,ASPCA lists Quercus as toxic to pets.
P2,AAA1101,Quercus stellata,horse,,horse_toxic_source_only,toxic,"Consider note: NC State flags horse toxicity, but YardMate schema has no horse target.",NC State https://plants.ces.ncsu.edu/plants/quercus-stellata/,Oak acorns and young leaves are toxic to livestock and pets.
P2,AAA1102,Ranunculus acris,horse,,horse_toxic_source_only,toxic,"Consider note: NC State flags horse toxicity, but YardMate schema has no horse target.",NC State https://plants.ces.ncsu.edu/plants/ranunculus-acris/,"Fresh sap strongly irritating and can cause blistering. Drying destroys toxicity, so hay is safe."
P2,AAA1103,Ranunculus asiaticus,horse,,horse_toxic_source_only,toxic,"Consider note: NC State flags horse toxicity, but YardMate schema has no horse target.",NC State https://plants.ces.ncsu.edu/plants/ranunculus-asiaticus/,"All Ranunculus species share this toxicity; drying neutralizes the active compound, which is why dried buttercup-family flowers are safe in arrangements."
P2,AAA1104,Ranunculus ficaria,horse,,horse_toxic_source_only,toxic,"Consider note: NC State flags horse toxicity, but YardMate schema has no horse target.",NC State https://plants.ces.ncsu.edu/plants/ranunculus-ficaria/,Fresh plant contains irritant protoanemonin; drying destroys toxicity.
P2,AAA1114,Rhododendron arborescens,horse,,horse_toxic_source_only,toxic,"Consider note: NC State flags horse toxicity, but YardMate schema has no horse target.",NC State https://plants.ces.ncsu.edu/plants/rhododendron-arborescens/,ASPCA toxic. All Rhododendron/Azalea severely toxic.
P2,AAA1116,Rhododendron austrinum,horse,,horse_toxic_source_only,toxic,"Consider note: NC State flags horse toxicity, but YardMate schema has no horse target.",NC State https://plants.ces.ncsu.edu/plants/rhododendron-austrinum/,ASPCA-listed Rhododendron; all parts toxic including nectar and honey.
P2,AAA1117,Rhododendron canescens,horse,,horse_toxic_source_only,toxic,"Consider note: NC State flags horse toxicity, but YardMate schema has no horse target.",NC State https://plants.ces.ncsu.edu/plants/rhododendron-canescens/,ASPCA-listed Rhododendron; all parts toxic including nectar and honey.
P2,AAA1118,Rhododendron catawbiense,horse,,horse_toxic_source_only,toxic,"Consider note: NC State flags horse toxicity, but YardMate schema has no horse target.",NC State https://plants.ces.ncsu.edu/plants/rhododendron-catawbiense/,"ASPCA lists Rhododendron as toxic to dogs, cats, and horses."
P2,AAA1120,Rhododendron minus,horse,,horse_toxic_source_only,toxic,"Consider note: NC State flags horse toxicity, but YardMate schema has no horse target.",NC State https://plants.ces.ncsu.edu/plants/rhododendron-minus/,ASPCA lists all Rhododendron as severely toxic.
P2,AAA1121,Rhododendron ponticum,horse,,horse_toxic_source_only,toxic,"Consider note: NC State flags horse toxicity, but YardMate schema has no horse target.",NC State https://plants.ces.ncsu.edu/plants/rhododendron-ponticum/,"ASPCA lists Rhododendron as toxic to dogs, cats, and horses. All plant parts — including nectar and honey made from its nectar — contain grayanotoxins."
P2,AAA1122,Rhododendron schlippenbachii,horse,,horse_toxic_source_only,toxic,"Consider note: NC State flags horse toxicity, but YardMate schema has no horse target.",NC State https://plants.ces.ncsu.edu/plants/rhododendron-schlippenbachii/,ASPCA toxic. All Rhododendron/Azalea severely toxic to pets and humans.
P2,AAA1123,Rhododendron yakushimanum,horse,,horse_toxic_source_only,toxic,"Consider note: NC State flags horse toxicity, but YardMate schema has no horse target.",NC State https://plants.ces.ncsu.edu/plants/rhododendron-yakushimanum/,"ASPCA lists all Rhododendron as toxic to dogs, cats, horses, and humans. Even a few leaves can cause serious poisoning. 'Mad honey' disease results from honey made with rhododendron nectar."
P2,AAA1129,Ricinus communis,horse,,horse_toxic_source_only,toxic,"Consider note: NC State flags horse toxicity, but YardMate schema has no horse target.",NC State https://plants.ces.ncsu.edu/plants/ricinus-communis/,ASPCA lists castor bean as extremely toxic — among the most dangerous ornamental plants in common cultivation. Not safe to grow where children or pets have access.
P2,AAA1130,Robinia hispida,horse,,horse_toxic_source_only,toxic,"Consider note: NC State flags horse toxicity, but YardMate schema has no horse target.",NC State https://plants.ces.ncsu.edu/plants/robinia-hispida/,ASPCA lists Robinia as toxic; bark and seeds most concentrated. Fresh flowers sometimes fried in Europe.
P2,AAA1237,Rosa chinensis,cat,1,conflict_possible_overwarning; not_checked,non_toxic; no_signal,Review possible overwarning: source indicates non-toxic but YardMate level is above 0.,"ASPCA non_toxic (genus, conflict_possible_overwarning); NC State no_signal (not_checked)",Roses are non-toxic per ASPCA; the only hazard is mechanical from thorns.
P2,AAA1237,Rosa chinensis,dog,1,conflict_possible_overwarning; not_checked,non_toxic; no_signal,Review possible overwarning: source indicates non-toxic but YardMate level is above 0.,"ASPCA non_toxic (genus, conflict_possible_overwarning); NC State no_signal (not_checked)",Roses are non-toxic per ASPCA; the only hazard is mechanical from thorns.
P2,AAA1258,Rumex crispus,horse,,horse_toxic_source_only,toxic,"Consider note: NC State flags horse toxicity, but YardMate schema has no horse target.",NC State https://plants.ces.ncsu.edu/plants/rumex-crispus/,Young leaves edible cooked; large quantities harmful due to oxalates.
P2,AAA1326,Senecio vulgaris,horse,,horse_toxic_source_only,toxic,"Consider note: NC State flags horse toxicity, but YardMate schema has no horse target.",NC State https://plants.ces.ncsu.edu/plants/senecio-vulgaris/,Highly hepatotoxic from cumulative pyrrolizidine alkaloid exposure. Do not consume. Contaminated hay has killed livestock; keep away from horses and pets.
P2,AAA1339,Solanum carolinense,horse,,horse_toxic_source_only,toxic,"Consider note: NC State flags horse toxicity, but YardMate schema has no horse target.",NC State https://plants.ces.ncsu.edu/plants/solanum-carolinense/,ASPCA lists Solanum as toxic to pets. Yellow berries have caused fatal child poisonings. Spines cause mechanical injury.
P2,AAA1341,Solanum lycopersicum,horse,,horse_toxic_source_only,toxic,"Consider note: NC State flags horse toxicity, but YardMate schema has no horse target.",NC State https://plants.ces.ncsu.edu/plants/solanum-lycopersicum/,ASPCA lists Solanum lycopersicum as toxic to pets (foliage and green fruit).
P2,AAA1342,Solanum melongena,horse,,horse_toxic_source_only,toxic,"Consider note: NC State flags horse toxicity, but YardMate schema has no horse target.",NC State https://plants.ces.ncsu.edu/plants/solanum-melongena/,Cooked ripe fruit is safe and widely consumed; foliage mildly toxic.
P2,AAA1343,Solanum nigrum,horse,,horse_toxic_source_only,toxic,"Consider note: NC State flags horse toxicity, but YardMate schema has no horse target.",NC State https://plants.ces.ncsu.edu/plants/solanum-nigrum/,ASPCA lists Solanum as toxic to pets. Ripe fruit eaten in traditional cuisine worldwide but unripe berries and foliage are dangerous.
P2,AAA1344,Solanum tuberosum,horse,,horse_toxic_source_only,toxic,"Consider note: NC State flags horse toxicity, but YardMate schema has no horse target.",NC State https://plants.ces.ncsu.edu/plants/solanum-tuberosum/,Cooked mature tubers safe; avoid green or sprouting potatoes.
P2,AAA1372,Strelitzia nicolai,horse,,horse_toxic_source_only,toxic,"Consider note: NC State flags horse toxicity, but YardMate schema has no horse target.",NC State https://plants.ces.ncsu.edu/plants/strelitzia-nicolai/,Flowers and seeds are the toxic parts; leaves are not generally hazardous.
P2,AAA1373,Strelitzia reginae,horse,,horse_toxic_source_only,toxic,"Consider note: NC State flags horse toxicity, but YardMate schema has no horse target.",NC State https://plants.ces.ncsu.edu/plants/strelitzia-reginae/,Flowers and seeds are the hazardous parts.
P2,AAA1384,Syngonium podophyllum,horse,,horse_toxic_source_only,toxic,"Consider note: NC State flags horse toxicity, but YardMate schema has no horse target.",NC State https://plants.ces.ncsu.edu/plants/syngonium-podophyllum/,Typical mild aroid toxicity.
P2,AAA1391,Tanacetum parthenium,horse,,horse_toxic_source_only,toxic,"Consider note: NC State flags horse toxicity, but YardMate schema has no horse target.",NC State https://plants.ces.ncsu.edu/plants/tanacetum-parthenium/,Human oral ulcers are a common side effect of fresh-leaf chewing; standardized extracts avoid this.
P2,AAA1393,Taxus baccata,horse,,horse_toxic_source_only,toxic,"Consider note: NC State flags horse toxicity, but YardMate schema has no horse target.",NC State https://plants.ces.ncsu.edu/plants/taxus-baccata/,"ASPCA lists yew as extremely toxic to dogs, cats, and horses. Horses are especially vulnerable — small amounts of clippings can cause sudden death."
P2,AAA1394,Taxus cuspidata,horse,,horse_toxic_source_only,toxic,"Consider note: NC State flags horse toxicity, but YardMate schema has no horse target.",NC State https://plants.ces.ncsu.edu/plants/taxus-cuspidata/,"ASPCA lists all Taxus species as toxic to dogs, cats, horses, and livestock. A small amount of needles or seeds can be fatal. Only the red aril (berry flesh) is non-toxic, but seeds inside are deadly. Emergency veterinary care required."
P2,AAA1395,Taxus x media,horse,,horse_toxic_source_only,toxic,"Consider note: NC State flags horse toxicity, but YardMate schema has no horse target.",NC State https://plants.ces.ncsu.edu/plants/taxus-x-media/,"ASPCA toxic to dogs, cats, horses. All Taxus hybrids are deadly; horses are especially vulnerable to clippings in pasture."
P2,AAA1427,Toxicodendron diversilobum,cat,1,conflict_possible_overwarning; not_checked,non_toxic; no_match,Review possible overwarning: source indicates non-toxic but YardMate level is above 0.,"ASPCA non_toxic (genus, conflict_possible_overwarning); NC State no_match (not_checked)",Urushiol causes dermatitis in most humans. Never burn.
P2,AAA1427,Toxicodendron diversilobum,dog,1,conflict_possible_overwarning; not_checked,non_toxic; no_match,Review possible overwarning: source indicates non-toxic but YardMate level is above 0.,"ASPCA non_toxic (genus, conflict_possible_overwarning); NC State no_match (not_checked)",Urushiol causes dermatitis in most humans. Never burn.
P2,AAA1430,Tradescantia fluminensis,horse,,horse_toxic_source_only,toxic,"Consider note: NC State flags horse toxicity, but YardMate schema has no horse target.",NC State https://plants.ces.ncsu.edu/plants/tradescantia-fluminensis/,Primarily a contact irritant; not internally toxic.
P2,AAA1438,Tropaeolum majus,horse,,horse_toxic_source_only,toxic,"Consider note: NC State flags horse toxicity, but YardMate schema has no horse target.",NC State https://plants.ces.ncsu.edu/plants/tropaeolum-majus/,Not listed as toxic by ASPCA. Edible and widely used in culinary applications.
P2,AAA1445,Tulipa greigii,horse,,horse_toxic_source_only,toxic,"Consider note: NC State flags horse toxicity, but YardMate schema has no horse target.",NC State https://plants.ces.ncsu.edu/plants/tulipa-greigii/,ASPCA lists all tulips as toxic.
P2,AAA1446,Tulipa kaufmanniana,horse,,horse_toxic_source_only,toxic,"Consider note: NC State flags horse toxicity, but YardMate schema has no horse target.",NC State https://plants.ces.ncsu.edu/plants/tulipa-kaufmanniana/,ASPCA lists all tulips as toxic; bulbs contain highest concentration of tuliposides.
P2,AAA1503,Wisteria floribunda,horse,,horse_toxic_source_only,toxic,"Consider note: NC State flags horse toxicity, but YardMate schema has no horse target.",NC State https://plants.ces.ncsu.edu/plants/wisteria-floribunda/,"ASPCA lists Wisteria as toxic to dogs, cats, horses."
P2,AAA1504,Wisteria sinensis,horse,,horse_toxic_source_only,toxic,"Consider note: NC State flags horse toxicity, but YardMate schema has no horse target.",NC State https://plants.ces.ncsu.edu/plants/wisteria-sinensis/,"ASPCA lists Wisteria as toxic to dogs, cats, horses. Seeds and pods most toxic — keep away from children and pets."
P2,AAA1505,Xanthium strumarium,horse,,horse_toxic_source_only,toxic,"Consider note: NC State flags horse toxicity, but YardMate schema has no horse target.",NC State https://plants.ces.ncsu.edu/plants/xanthium-strumarium/,Seedlings and seeds most toxic; livestock poisonings documented.
P2,AAA1511,Zantedeschia aethiopica,horse,,horse_toxic_source_only,toxic,"Consider note: NC State flags horse toxicity, but YardMate schema has no horse target.",NC State https://plants.ces.ncsu.edu/plants/zantedeschia-aethiopica/,ASPCA lists calla lily as toxic to dogs and cats — typical Araceae oxalate toxicity.
